source_file,region,number,source_row,article,cadastral_number,area_ha,price_per_sotka_rub,price_per_plot_rub,sale_price_rub,discount_limit_percent,wholesale_only,service_notes,recommended_usage,land_use,owner,partner,right_date,balance_value,valuation_per_sotka,valuation_per_plot,context,recommendations,location_description,best_use
karakolskie_ozyora.csv,6 Каракольские Оз.,25.0,44,9-К1,04:05:030406:829,0.1303,190000.0,2475700.0,95000.0,,,Р,"1, 2, 3, 4, 5, 8",КФХ,ИМПЛЕМЕНТ-ИНВЕСТ,,2025-01-28,652868.0,,,"КЕДРОГРАД | КП №1 Первый от трассы (Заезд №2; 1,6км) | Участки северо-восточнее лога Верх. Курокчи. Редколесье на некрутом западном склоне, недалеко от р. Нижние Куючи. Менее, чем в полутора километрах проходит строящаяся трасса на Каракольские озера.",участок на склоне. Частично покрыт лесом. Не рядом с дорогой.,,
karakolskie_ozyora.csv,6 Каракольские Оз.,26.0,45,9-К2,04:05:030406:830,0.341,190000.0,6479000.0,95000.0,,,Р,"1, 2, 3, 4, 5, 8",КФХ,ИМПЛЕМЕНТ-ИНВЕСТ,,2025-01-28,1708580.0,,,"КЕДРОГРАД | КП №1 Первый от трассы (Заезд №2; 1,6км) | Участки северо-восточнее лога Верх. Курокчи. Редколесье на некрутом западном склоне, недалеко от р. Нижние Куючи. Менее, чем в полутора километрах проходит строящаяся трасса на Каракольские озера.",участок на склоне. Частично покрыт лесом. Не рядом с дорогой.,,
karakolskie_ozyora.csv,6 Каракольские Оз.,27.0,46,9-К3,04:05:030406:831,0.2592,190000.0,4924800.0,95000.0,,,Р,"1, 2, 3, 4, 5, 8",КФХ,ИМПЛЕМЕНТ-ИНВЕСТ,,2025-01-28,1298721.0,,,"КЕДРОГРАД | КП №1 Первый от трассы (Заезд №2; 1,6км) | Участки северо-восточнее лога Верх. Курокчи. Редколесье на некрутом западном склоне, недалеко от р. Нижние Куючи. Менее, чем в полутора километрах проходит строящаяся трасса на Каракольские озера.",участок на склоне. Частично покрыт лесом. Не рядом с дорогой.,,
karakolskie_ozyora.csv,6 Каракольские Оз.,28.0,47,9-К4,04:05:030406:832,0.2322,190000.0,4411800.0,95000.0,,,Р,"1, 2, 3, 4, 5, 8",КФХ,ИМПЛЕМЕНТ-ИНВЕСТ,,2025-01-28,1163438.0,,,"КЕДРОГРАД | КП №1 Первый от трассы (Заезд №2; 1,6км) | Участки северо-восточнее лога Верх. Курокчи. Редколесье на некрутом западном склоне, недалеко от р. Нижние Куючи. Менее, чем в полутора километрах проходит строящаяся трасса на Каракольские озера.",участок на склоне. Частично покрыт лесом. Не рядом с дорогой.,,
karakolskie_ozyora.csv,6 Каракольские Оз.,29.0,48,9-К5,04:05:030406:833,0.2197,190000.0,4174300.0,95000.0,,,Р,"1, 2, 3, 4, 5, 8",КФХ,ИМПЛЕМЕНТ-ИНВЕСТ,,2025-01-28,1100807.0,,,"КЕДРОГРАД | КП №1 Первый от трассы (Заезд №2; 1,6км) | Участки северо-восточнее лога Верх. Курокчи. Редколесье на некрутом западном склоне, недалеко от р. Нижние Куючи. Менее, чем в полутора километрах проходит строящаяся трасса на Каракольские озера.",участок на склоне. Частично покрыт лесом. Не рядом с дорогой.,,
karakolskie_ozyora.csv,6 Каракольские Оз.,30.0,49,9-К6,04:05:030406:834,0.2374,190000.0,4510600.0,95000.0,,,Р,"1, 2, 3, 4, 5, 8",КФХ,ИМПЛЕМЕНТ-ИНВЕСТ,,2025-01-28,1189492.0,,,"КЕДРОГРАД | КП №1 Первый от трассы (Заезд №2; 1,6км) | Участки северо-восточнее лога Верх. Курокчи. Редколесье на некрутом западном склоне, недалеко от р. Нижние Куючи. Менее, чем в полутора километрах проходит строящаяся трасса на Каракольские озера.",участок на склоне. Частично покрыт лесом. Не рядом с дорогой.,,
karakolskie_ozyora.csv,6 Каракольские Оз.,31.0,50,9-К7,04:05:030406:835,0.3415,190000.0,6488500.0,95000.0,,,Р,"1, 2, 3, 4, 5, 8",КФХ,ИМПЛЕМЕНТ-ИНВЕСТ,,2025-01-28,1711085.0,,,"КЕДРОГРАД | КП №1 Первый от трассы (Заезд №2; 1,6км) | Участки северо-восточнее лога Верх. Курокчи. Редколесье на некрутом западном склоне, недалеко от р. Нижние Куючи. Менее, чем в полутора километрах проходит строящаяся трасса на Каракольские озера.",участок на склоне. Частично покрыт лесом. Не рядом с дорогой.,,
karakolskie_ozyora.csv,6 Каракольские Оз.,32.0,51,9-К8,04:05:030406:836,0.1654,190000.0,3142600.0,95000.0,,,Р,"1, 2, 3, 4, 5, 8",КФХ,ИМПЛЕМЕНТ-ИНВЕСТ,,2025-01-28,828737.0,,,"КЕДРОГРАД | КП №1 Первый от трассы (Заезд №2; 1,6км) | Участки северо-восточнее лога Верх. Курокчи. Редколесье на некрутом западном склоне, недалеко от р. Нижние Куючи. Менее, чем в полутора километрах проходит строящаяся трасса на Каракольские озера.",участок на склоне. Частично покрыт лесом. Не рядом с дорогой.,,
karakolskie_ozyora.csv,6 Каракольские Оз.,33.0,52,9-К9,04:05:030406:837,0.1268,190000.0,2409200.0,95000.0,,,Р,"1, 2, 3, 4, 5, 8",КФХ,ИМПЛЕМЕНТ-ИНВЕСТ,,2025-01-28,635331.0,,,"КЕДРОГРАД | КП №1 Первый от трассы (Заезд №2; 1,6км) | Участки северо-восточнее лога Верх. Курокчи. Редколесье на некрутом западном склоне, недалеко от р. Нижние Куючи. Менее, чем в полутора километрах проходит строящаяся трасса на Каракольские озера.",участок на склоне. Частично покрыт лесом. Не рядом с дорогой.,,
karakolskie_ozyora.csv,6 Каракольские Оз.,34.0,53,9-К10,04:05:030406:838,0.2128,190000.0,4043200.0,95000.0,,,Р,"1, 2, 3, 4, 5, 8",КФХ,ИМПЛЕМЕНТ-ИНВЕСТ,,2025-01-28,1066234.0,,,"КЕДРОГРАД | КП №1 Первый от трассы (Заезд №2; 1,6км) | Участки северо-восточнее лога Верх. Курокчи. Редколесье на некрутом западном склоне, недалеко от р. Нижние Куючи. Менее, чем в полутора километрах проходит строящаяся трасса на Каракольские озера.",участок на склоне. Частично покрыт лесом. Не рядом с дорогой.,,
karakolskie_ozyora.csv,6 Каракольские Оз.,35.0,54,9-К11,04:05:030406:840,0.1994,190000.0,3788600.0,95000.0,,,Р,"1, 2, 3, 4, 5, 8",КФХ,ИМПЛЕМЕНТ-ИНВЕСТ,,2025-01-28,999093.0,,,"КЕДРОГРАД | КП №1 Первый от трассы (Заезд №2; 1,6км) | Участки северо-восточнее лога Верх. Курокчи. Редколесье на некрутом западном склоне, недалеко от р. Нижние Куючи. Менее, чем в полутора километрах проходит строящаяся трасса на Каракольские озера.",участок на склоне. Частично покрыт лесом. Не рядом с дорогой.,,
karakolskie_ozyora.csv,6 Каракольские Оз.,36.0,55,9-К12,04:05:030406:841,0.3106,190000.0,5901400.0,95000.0,,,Р,"1, 2, 3, 4, 5, 8",КФХ,ИМПЛЕМЕНТ-ИНВЕСТ,,2025-01-28,1556261.0,,,"КЕДРОГРАД | КП №1 Первый от трассы (Заезд №2; 1,6км) | Участки северо-восточнее лога Верх. Курокчи. Редколесье на некрутом западном склоне, недалеко от р. Нижние Куючи. Менее, чем в полутора километрах проходит строящаяся трасса на Каракольские озера.",участок на склоне. Частично покрыт лесом. Не рядом с дорогой.,,
karakolskie_ozyora.csv,6 Каракольские Оз.,37.0,56,9-К13,04:05:030406:842,0.3256,190000.0,6186400.0,95000.0,,,Р,"1, 2, 3, 4, 5, 8",КФХ,ИМПЛЕМЕНТ-ИНВЕСТ,,2025-01-28,1631418.0,,,"КЕДРОГРАД | КП №1 Первый от трассы (Заезд №2; 1,6км) | Участки северо-восточнее лога Верх. Курокчи. Редколесье на некрутом западном склоне, недалеко от р. Нижние Куючи. Менее, чем в полутора километрах проходит строящаяся трасса на Каракольские озера.",участок на склоне. Частично покрыт лесом. Не рядом с дорогой.,,
karakolskie_ozyora.csv,6 Каракольские Оз.,38.0,57,9-К14,04:05:030406:843,0.2178,190000.0,4138200.0,95000.0,,,Р,"1, 2, 3, 4, 5, 8",КФХ,ИМПЛЕМЕНТ-ИНВЕСТ,,2025-01-28,1091287.0,,,"КЕДРОГРАД | КП №1 Первый от трассы (Заезд №2; 1,6км) | Участки северо-восточнее лога Верх. Курокчи. Редколесье на некрутом западном склоне, недалеко от р. Нижние Куючи. Менее, чем в полутора километрах проходит строящаяся трасса на Каракольские озера.",участок на склоне. Частично покрыт лесом. Не рядом с дорогой.,,
karakolskie_ozyora.csv,6 Каракольские Оз.,39.0,58,9-К15,04:05:030406:844,0.1647,190000.0,3129300.0,95000.0,,,Р,"1, 2, 3, 4, 5, 8",КФХ,ИМПЛЕМЕНТ-ИНВЕСТ,,2025-01-28,825229.0,,,"КЕДРОГРАД | КП №1 Первый от трассы (Заезд №2; 1,6км) | Участки северо-восточнее лога Верх. Курокчи. Редколесье на некрутом западном склоне, недалеко от р. Нижние Куючи. Менее, чем в полутора километрах проходит строящаяся трасса на Каракольские озера.",участок на склоне. Частично покрыт лесом. Не рядом с дорогой.,,
karakolskie_ozyora.csv,6 Каракольские Оз.,40.0,59,9-К16,04:05:030406:845,0.1382,190000.0,2625800.0,95000.0,,,Р,"1, 2, 3, 4, 5, 8",КФХ,ИМПЛЕМЕНТ-ИНВЕСТ,,2025-01-28,692451.0,,,"КЕДРОГРАД | КП №1 Первый от трассы (Заезд №2; 1,6км) | Участки северо-восточнее лога Верх. Курокчи. Редколесье на некрутом западном склоне, недалеко от р. Нижние Куючи. Менее, чем в полутора километрах проходит строящаяся трасса на Каракольские озера.",участок на склоне. Частично покрыт лесом. Не рядом с дорогой.,,
karakolskie_ozyora.csv,6 Каракольские Оз.,41.0,60,9-К17,04:05:030406:846,0.1113,190000.0,2114700.0,95000.0,,,Р,"1, 2, 3, 4, 5, 8",КФХ,ИМПЛЕМЕНТ-ИНВЕСТ,,2025-01-28,557669.0,,,"КЕДРОГРАД | КП №1 Первый от трассы (Заезд №2; 1,6км) | Участки северо-восточнее лога Верх. Курокчи. Редколесье на некрутом западном склоне, недалеко от р. Нижние Куючи. Менее, чем в полутора километрах проходит строящаяся трасса на Каракольские озера.",участок на склоне. Частично покрыт лесом. Не рядом с дорогой.,,
karakolskie_ozyora.csv,6 Каракольские Оз.,42.0,61,9-К18,04:05:030406:847,0.1792,190000.0,3404800.0,95000.0,,,Р,"1, 2, 3, 4, 5, 8",КФХ,ИМПЛЕМЕНТ-ИНВЕСТ,,2025-01-28,897881.0,,,"КЕДРОГРАД | КП №1 Первый от трассы (Заезд №2; 1,6км) | Участки северо-восточнее лога Верх. Курокчи. Редколесье на некрутом западном склоне, недалеко от р. Нижние Куючи. Менее, чем в полутора километрах проходит строящаяся трасса на Каракольские озера.",участок на склоне. Частично покрыт лесом. Не рядом с дорогой.,,
karakolskie_ozyora.csv,6 Каракольские Оз.,43.0,62,9-К19,04:05:030406:848,0.1432,190000.0,2720800.0,95000.0,,,Р,"1, 2, 3, 4, 5, 8",КФХ,ИМПЛЕМЕНТ-ИНВЕСТ,,2025-01-28,717503.0,,,"КЕДРОГРАД | КП №1 Первый от трассы (Заезд №2; 1,6км) | Участки северо-восточнее лога Верх. Курокчи. Редколесье на некрутом западном склоне, недалеко от р. Нижние Куючи. Менее, чем в полутора километрах проходит строящаяся трасса на Каракольские озера.",участок на склоне. Частично покрыт лесом. Не рядом с дорогой.,,
karakolskie_ozyora.csv,6 Каракольские Оз.,44.0,63,9-К20,04:05:030406:849,0.1269,190000.0,2411100.0,95000.0,,,Р,"1, 2, 3, 4, 5, 8",КФХ,ИМПЛЕМЕНТ-ИНВЕСТ,,2025-01-28,635832.0,,,"КЕДРОГРАД | КП №1 Первый от трассы (Заезд №2; 1,6км) | Участки северо-восточнее лога Верх. Курокчи. Редколесье на некрутом западном склоне, недалеко от р. Нижние Куючи. Менее, чем в полутора километрах проходит строящаяся трасса на Каракольские озера.",участок на склоне. Частично покрыт лесом. Не рядом с дорогой.,,
karakolskie_ozyora.csv,6 Каракольские Оз.,45.0,64,9-К21,04:05:030406:850,0.1443,190000.0,2741700.0,95000.0,,,Р,"1, 2, 3, 4, 5, 8",КФХ,ИМПЛЕМЕНТ-ИНВЕСТ,,2025-01-28,723015.0,,,"КЕДРОГРАД | КП №1 Первый от трассы (Заезд №2; 1,6км) | Участки северо-восточнее лога Верх. Курокчи. Редколесье на некрутом западном склоне, недалеко от р. Нижние Куючи. Менее, чем в полутора километрах проходит строящаяся трасса на Каракольские озера.",участок на склоне. Частично покрыт лесом. Не рядом с дорогой.,,
karakolskie_ozyora.csv,6 Каракольские Оз.,46.0,65,9-К22,04:05:030406:851,0.2725,190000.0,5177500.0,95000.0,,,Р,"1, 2, 3, 4, 5, 8",КФХ,ИМПЛЕМЕНТ-ИНВЕСТ,,2025-01-28,1365361.0,,,"КЕДРОГРАД | КП №1 Первый от трассы (Заезд №2; 1,6км) | Участки северо-восточнее лога Верх. Курокчи. Редколесье на некрутом западном склоне, недалеко от р. Нижние Куючи. Менее, чем в полутора километрах проходит строящаяся трасса на Каракольские озера.",участок на склоне. Частично покрыт лесом. Не рядом с дорогой.,,
karakolskie_ozyora.csv,6 Каракольские Оз.,47.0,66,9-К23,04:05:030406:852,0.2432,190000.0,4620800.0,95000.0,,,Р,"1, 2, 3, 4, 5, 8",КФХ,ИМПЛЕМЕНТ-ИНВЕСТ,,2025-01-28,1218553.0,,,"КЕДРОГРАД | КП №1 Первый от трассы (Заезд №2; 1,6км) | Участки северо-восточнее лога Верх. Курокчи. Редколесье на некрутом западном склоне, недалеко от р. Нижние Куючи. Менее, чем в полутора километрах проходит строящаяся трасса на Каракольские озера.",участок на склоне. Частично покрыт лесом. Не рядом с дорогой.,,
karakolskie_ozyora.csv,6 Каракольские Оз.,48.0,67,9-К24,04:05:030406:853,0.2006,190000.0,3811400.0,95000.0,,,Р,"1, 2, 3, 4, 5, 8",КФХ,ИМПЛЕМЕНТ-ИНВЕСТ,,2025-01-28,1005106.0,,,"КЕДРОГРАД | КП №1 Первый от трассы (Заезд №2; 1,6км) | Участки северо-восточнее лога Верх. Курокчи. Редколесье на некрутом западном склоне, недалеко от р. Нижние Куючи. Менее, чем в полутора километрах проходит строящаяся трасса на Каракольские озера.",участок на склоне. Частично покрыт лесом. Не рядом с дорогой.,,
karakolskie_ozyora.csv,6 Каракольские Оз.,49.0,68,9-К25,04:05:030406:854,0.1173,190000.0,2228700.0,95000.0,,,Р,"1, 2, 3, 4, 5, 8",КФХ,ИМПЛЕМЕНТ-ИНВЕСТ,,2025-01-28,587732.0,,,"КЕДРОГРАД | КП №1 Первый от трассы (Заезд №2; 1,6км) | Участки северо-восточнее лога Верх. Курокчи. Редколесье на некрутом западном склоне, недалеко от р. Нижние Куючи. Менее, чем в полутора километрах проходит строящаяся трасса на Каракольские озера.",участок на склоне. Частично покрыт лесом. Не рядом с дорогой.,,
karakolskie_ozyora.csv,6 Каракольские Оз.,50.0,69,9-К26,04:05:030406:855,0.1188,190000.0,2257200.0,95000.0,,,Р,"1, 2, 3, 4, 5, 8",КФХ,ИМПЛЕМЕНТ-ИНВЕСТ,,2025-01-28,595247.0,,,"КЕДРОГРАД | КП №1 Первый от трассы (Заезд №2; 1,6км) | Участки северо-восточнее лога Верх. Курокчи. Редколесье на некрутом западном склоне, недалеко от р. Нижние Куючи. Менее, чем в полутора километрах проходит строящаяся трасса на Каракольские озера.",участок на склоне. Частично покрыт лесом. Не рядом с дорогой.,,
karakolskie_ozyora.csv,6 Каракольские Оз.,51.0,70,9-К27,04:05:030406:856,0.1137,190000.0,2160300.0,95000.0,,,Р,"1, 2, 3, 4, 5, 8",КФХ,ИМПЛЕМЕНТ-ИНВЕСТ,,2025-01-28,569694.0,,,"КЕДРОГРАД | КП №1 Первый от трассы (Заезд №2; 1,6км) | Участки северо-восточнее лога Верх. Курокчи. Редколесье на некрутом западном склоне, недалеко от р. Нижние Куючи. Менее, чем в полутора километрах проходит строящаяся трасса на Каракольские озера.",участок на склоне. Частично покрыт лесом. Не рядом с дорогой.,,
karakolskie_ozyora.csv,6 Каракольские Оз.,52.0,71,9-К28,04:05:030406:857,0.1855,190000.0,3524500.0,95000.0,,,Р,"1, 2, 3, 4, 5, 8",КФХ,ИМПЛЕМЕНТ-ИНВЕСТ,,2025-01-28,929448.0,,,"КЕДРОГРАД | КП №1 Первый от трассы (Заезд №2; 1,6км) | Участки северо-восточнее лога Верх. Курокчи. Редколесье на некрутом западном склоне, недалеко от р. Нижние Куючи. Менее, чем в полутора километрах проходит строящаяся трасса на Каракольские озера.",участок на склоне. Частично покрыт лесом. Не рядом с дорогой.,,
karakolskie_ozyora.csv,6 Каракольские Оз.,53.0,72,9-К29,04:05:030406:858,0.1625,190000.0,3087500.0,95000.0,,,Р,"1, 2, 3, 4, 5, 8",КФХ,ИМПЛЕМЕНТ-ИНВЕСТ,,2025-01-28,814206.0,,,"КЕДРОГРАД | КП №1 Первый от трассы (Заезд №2; 1,6км) | Участки северо-восточнее лога Верх. Курокчи. Редколесье на некрутом западном склоне, недалеко от р. Нижние Куючи. Менее, чем в полутора километрах проходит строящаяся трасса на Каракольские озера.",участок на склоне. Частично покрыт лесом. Не рядом с дорогой.,,
karakolskie_ozyora.csv,6 Каракольские Оз.,54.0,73,9-К30,04:05:030406:859,0.1449,190000.0,2753100.0,95000.0,,,Р,"1, 2, 3, 4, 5, 8",КФХ,ИМПЛЕМЕНТ-ИНВЕСТ,,2025-01-28,726021.0,,,"КЕДРОГРАД | КП №1 Первый от трассы (Заезд №2; 1,6км) | Участки северо-восточнее лога Верх. Курокчи. Редколесье на некрутом западном склоне, недалеко от р. Нижние Куючи. Менее, чем в полутора километрах проходит строящаяся трасса на Каракольские озера.",участок на склоне. Частично покрыт лесом. Не рядом с дорогой.,,
karakolskie_ozyora.csv,6 Каракольские Оз.,55.0,74,9-К31,04:05:030406:860,0.1304,190000.0,2477600.0,95000.0,,,Р,"1, 2, 3, 4, 5, 8",КФХ,ИМПЛЕМЕНТ-ИНВЕСТ,,2025-01-28,653369.0,,,"КЕДРОГРАД | КП №1 Первый от трассы (Заезд №2; 1,6км) | Участки северо-восточнее лога Верх. Курокчи. Редколесье на некрутом западном склоне, недалеко от р. Нижние Куючи. Менее, чем в полутора километрах проходит строящаяся трасса на Каракольские озера.",участок на склоне. Частично покрыт лесом. Не рядом с дорогой.,,
karakolskie_ozyora.csv,6 Каракольские Оз.,56.0,75,9-К32,04:05:030406:861,0.1743,190000.0,3311700.0,95000.0,,,Р,"1, 2, 3, 4, 5, 8",КФХ,ИМПЛЕМЕНТ-ИНВЕСТ,,2025-01-28,873330.0,,,"КЕДРОГРАД | КП №1 Первый от трассы (Заезд №2; 1,6км) | Участки северо-восточнее лога Верх. Курокчи. Редколесье на некрутом западном склоне, недалеко от р. Нижние Куючи. Менее, чем в полутора километрах проходит строящаяся трасса на Каракольские озера.",участок на склоне. Частично покрыт лесом. Не рядом с дорогой.,,
karakolskie_ozyora.csv,6 Каракольские Оз.,57.0,76,9-К33,04:05:030406:862,0.1298,190000.0,2466200.0,95000.0,,,Р,"1, 2, 3, 4, 5, 8",КФХ,ИМПЛЕМЕНТ-ИНВЕСТ,,2025-01-28,650363.0,,,"КЕДРОГРАД | КП №1 Первый от трассы (Заезд №2; 1,6км) | Участки северо-восточнее лога Верх. Курокчи. Редколесье на некрутом западном склоне, недалеко от р. Нижние Куючи. Менее, чем в полутора километрах проходит строящаяся трасса на Каракольские озера.",участок на склоне. Частично покрыт лесом. Не рядом с дорогой.,,
karakolskie_ozyora.csv,6 Каракольские Оз.,58.0,77,9-К34,04:05:030406:863,0.1205,190000.0,2289500.0,95000.0,,,Р,"1, 2, 3, 4, 5, 8",КФХ,ИМПЛЕМЕНТ-ИНВЕСТ,,2025-01-28,603765.0,,,"КЕДРОГРАД | КП №1 Первый от трассы (Заезд №2; 1,6км) | Участки северо-восточнее лога Верх. Курокчи. Редколесье на некрутом западном склоне, недалеко от р. Нижние Куючи. Менее, чем в полутора километрах проходит строящаяся трасса на Каракольские озера.",участок на склоне. Частично покрыт лесом. Не рядом с дорогой.,,
karakolskie_ozyora.csv,6 Каракольские Оз.,59.0,78,9-К35,04:05:030406:864,0.132,190000.0,2508000.0,95000.0,,,Р,"1, 2, 3, 4, 5, 8",КФХ,ИМПЛЕМЕНТ-ИНВЕСТ,,2025-01-28,661386.0,,,"КЕДРОГРАД | КП №1 Первый от трассы (Заезд №2; 1,6км) | Участки северо-восточнее лога Верх. Курокчи. Редколесье на некрутом западном склоне, недалеко от р. Нижние Куючи. Менее, чем в полутора километрах проходит строящаяся трасса на Каракольские озера.",участок на склоне. Частично покрыт лесом. Не рядом с дорогой.,,
karakolskie_ozyora.csv,6 Каракольские Оз.,60.0,79,9-К36,04:05:030406:865,0.1444,190000.0,2743600.0,95000.0,,,Р,"1, 2, 3, 4, 5, 8",КФХ,ИМПЛЕМЕНТ-ИНВЕСТ,,2025-01-28,723516.0,,,"КЕДРОГРАД | КП №1 Первый от трассы (Заезд №2; 1,6км) | Участки северо-восточнее лога Верх. Курокчи. Редколесье на некрутом западном склоне, недалеко от р. Нижние Куючи. Менее, чем в полутора километрах проходит строящаяся трасса на Каракольские озера.",участок на склоне. Частично покрыт лесом. Не рядом с дорогой.,,
karakolskie_ozyora.csv,6 Каракольские Оз.,61.0,80,9-К37,04:05:030406:866,0.1567,190000.0,2977300.0,95000.0,,,Р,"1, 2, 3, 4, 5, 8",КФХ,ИМПЛЕМЕНТ-ИНВЕСТ,,2025-01-28,785145.0,,,"КЕДРОГРАД | КП №1 Первый от трассы (Заезд №2; 1,6км) | Участки северо-восточнее лога Верх. Курокчи. Редколесье на некрутом западном склоне, недалеко от р. Нижние Куючи. Менее, чем в полутора километрах проходит строящаяся трасса на Каракольские озера.",участок на склоне. Частично покрыт лесом. Не рядом с дорогой.,,
karakolskie_ozyora.csv,6 Каракольские Оз.,62.0,81,9-К38,04:05:030406:867,0.1561,190000.0,2965900.0,95000.0,,,Р,"1, 2, 3, 4, 5, 8",КФХ,ИМПЛЕМЕНТ-ИНВЕСТ,,2025-01-28,782139.0,,,"КЕДРОГРАД | КП №1 Первый от трассы (Заезд №2; 1,6км) | Участки северо-восточнее лога Верх. Курокчи. Редколесье на некрутом западном склоне, недалеко от р. Нижние Куючи. Менее, чем в полутора километрах проходит строящаяся трасса на Каракольские озера.",участок на склоне. Частично покрыт лесом. Не рядом с дорогой.,,
karakolskie_ozyora.csv,6 Каракольские Оз.,63.0,82,9-К39,04:05:030406:868,0.1493,190000.0,2836700.0,95000.0,,,Р,"1, 2, 3, 4, 5, 8",КФХ,ИМПЛЕМЕНТ-ИНВЕСТ,,2025-01-28,748067.0,,,"КЕДРОГРАД | КП №1 Первый от трассы (Заезд №2; 1,6км) | Участки северо-восточнее лога Верх. Курокчи. Редколесье на некрутом западном склоне, недалеко от р. Нижние Куючи. Менее, чем в полутора километрах проходит строящаяся трасса на Каракольские озера.",участок на склоне. Частично покрыт лесом. Не рядом с дорогой.,,
karakolskie_ozyora.csv,6 Каракольские Оз.,64.0,83,9-К40,04:05:030406:869,0.1424,190000.0,2705600.0,95000.0,,,Р,"1, 2, 3, 4, 5, 8",КФХ,ИМПЛЕМЕНТ-ИНВЕСТ,,2025-01-28,713495.0,,,"КЕДРОГРАД | КП №1 Первый от трассы (Заезд №2; 1,6км) | Участки северо-восточнее лога Верх. Курокчи. Редколесье на некрутом западном склоне, недалеко от р. Нижние Куючи. Менее, чем в полутора километрах проходит строящаяся трасса на Каракольские озера.",участок на склоне. Частично покрыт лесом. Не рядом с дорогой.,,
karakolskie_ozyora.csv,6 Каракольские Оз.,65.0,84,9-К41,04:05:030406:870,0.1355,190000.0,2574500.0,95000.0,,,Р,"1, 2, 3, 4, 5, 8",КФХ,ИМПЛЕМЕНТ-ИНВЕСТ,,2025-01-28,678923.0,,,"КЕДРОГРАД | КП №1 Первый от трассы (Заезд №2; 1,6км) | Участки северо-восточнее лога Верх. Курокчи. Редколесье на некрутом западном склоне, недалеко от р. Нижние Куючи. Менее, чем в полутора километрах проходит строящаяся трасса на Каракольские озера.",участок на склоне. Частично покрыт лесом. Не рядом с дорогой.,,
karakolskie_ozyora.csv,6 Каракольские Оз.,66.0,85,9-К42,04:05:030406:871,0.1287,190000.0,2445300.0,95000.0,,,Р,"1, 2, 3, 4, 5, 8",КФХ,ИМПЛЕМЕНТ-ИНВЕСТ,,2025-01-28,644851.0,,,"КЕДРОГРАД | КП №1 Первый от трассы (Заезд №2; 1,6км) | Участки северо-восточнее лога Верх. Курокчи. Редколесье на некрутом западном склоне, недалеко от р. Нижние Куючи. Менее, чем в полутора километрах проходит строящаяся трасса на Каракольские озера.",участок на склоне. Частично покрыт лесом. Не рядом с дорогой.,,
karakolskie_ozyora.csv,6 Каракольские Оз.,67.0,86,9-К43,04:05:030406:872,0.1018,190000.0,1934200.0,95000.0,,,Р,"1, 2, 3, 4, 5, 8",КФХ,ИМПЛЕМЕНТ-ИНВЕСТ,,2025-01-28,510069.0,,,"КЕДРОГРАД | КП №1 Первый от трассы (Заезд №2; 1,6км) | Участки северо-восточнее лога Верх. Курокчи. Редколесье на некрутом западном склоне, недалеко от р. Нижние Куючи. Менее, чем в полутора километрах проходит строящаяся трасса на Каракольские озера.",участок на склоне. Частично покрыт лесом. Не рядом с дорогой.,,
karakolskie_ozyora.csv,6 Каракольские Оз.,68.0,87,9-К44,04:05:030406:873,0.1709,190000.0,3247100.0,95000.0,,,Р,"1, 2, 3, 4, 5, 8",КФХ,ИМПЛЕМЕНТ-ИНВЕСТ,,2025-01-28,856294.0,,,"КЕДРОГРАД | КП №1 Первый от трассы (Заезд №2; 1,6км) | Участки северо-восточнее лога Верх. Курокчи. Редколесье на некрутом западном склоне, недалеко от р. Нижние Куючи. Менее, чем в полутора километрах проходит строящаяся трасса на Каракольские озера.",участок на склоне. Частично покрыт лесом. Не рядом с дорогой.,,
karakolskie_ozyora.csv,6 Каракольские Оз.,69.0,88,9-К45,04:05:030406:874,0.4104,190000.0,7797600.0,95000.0,,,Р,"1, 2, 3, 4, 5, 8",КФХ,ИМПЛЕМЕНТ-ИНВЕСТ,,2025-01-28,2056309.0,,,"КЕДРОГРАД | КП №1 Первый от трассы (Заезд №2; 1,6км) | Участки северо-восточнее лога Верх. Курокчи. Редколесье на некрутом западном склоне, недалеко от р. Нижние Куючи. Менее, чем в полутора километрах проходит строящаяся трасса на Каракольские озера.",участок на склоне. Частично покрыт лесом. Не рядом с дорогой.,,
karakolskie_ozyora.csv,6 Каракольские Оз.,70.0,89,9-К46,04:05:030406:875,0.1052,190000.0,1998800.0,95000.0,,,Р Продаем в первую очередь,"1, 2, 3, 4, 5, 8",КФХ,ИМПЛЕМЕНТ-ИНВЕСТ,,2025-01-28,527104.0,,,"КЕДРОГРАД | КП №1 Первый от трассы (Заезд №2; 1,6км) | Участки северо-восточнее лога Верх. Курокчи. Редколесье на некрутом западном склоне, недалеко от р. Нижние Куючи. Менее, чем в полутора километрах проходит строящаяся трасса на Каракольские озера.",участок на склоне. Частично покрыт лесом. Не рядом с дорогой.,,
karakolskie_ozyora.csv,6 Каракольские Оз.,71.0,90,9-К47,04:05:030406:876,0.1792,190000.0,3404800.0,95000.0,,,Р Продаем в первую очередь,"1, 2, 3, 4, 5, 8",КФХ,ИМПЛЕМЕНТ-ИНВЕСТ,,2025-01-28,897881.0,,,"КЕДРОГРАД | КП №1 Первый от трассы (Заезд №2; 1,6км) | Участки северо-восточнее лога Верх. Курокчи. Редколесье на некрутом западном склоне, недалеко от р. Нижние Куючи. Менее, чем в полутора километрах проходит строящаяся трасса на Каракольские озера.",участок на склоне. Частично покрыт лесом. Не рядом с дорогой.,,
karakolskie_ozyora.csv,6 Каракольские Оз.,72.0,91,9-К48,04:05:030406:877,0.1655,190000.0,3144500.0,95000.0,,,Р Продаем в первую очередь,"1, 2, 3, 4, 5, 8",КФХ,ИМПЛЕМЕНТ-ИНВЕСТ,,2025-01-28,829238.0,,,"КЕДРОГРАД | КП №1 Первый от трассы (Заезд №2; 1,6км) | Участки северо-восточнее лога Верх. Курокчи. Редколесье на некрутом западном склоне, недалеко от р. Нижние Куючи. Менее, чем в полутора километрах проходит строящаяся трасса на Каракольские озера.",участок на склоне. Частично покрыт лесом. Не рядом с дорогой.,,
karakolskie_ozyora.csv,6 Каракольские Оз.,73.0,92,9-К49,04:05:030406:878,0.1762,190000.0,3347800.0,95000.0,,,Р Продаем в первую очередь,"1, 2, 3, 4, 5, 8",КФХ,ИМПЛЕМЕНТ-ИНВЕСТ,,2025-01-28,882850.0,,,"КЕДРОГРАД | КП №1 Первый от трассы (Заезд №2; 1,6км) | Участки северо-восточнее лога Верх. Курокчи. Редколесье на некрутом западном склоне, недалеко от р. Нижние Куючи. Менее, чем в полутора километрах проходит строящаяся трасса на Каракольские озера.",участок на склоне. Частично покрыт лесом. Не рядом с дорогой.,,
karakolskie_ozyora.csv,6 Каракольские Оз.,74.0,93,9-К50,04:05:030406:879,0.2042,190000.0,3879800.0,95000.0,,,Р,"1, 2, 3, 4, 5, 8",КФХ,ИМПЛЕМЕНТ-ИНВЕСТ,,2025-01-28,1023144.0,,,"КЕДРОГРАД | КП №1 Первый от трассы (Заезд №2; 1,6км) | Участки северо-восточнее лога Верх. Курокчи. Редколесье на некрутом западном склоне, недалеко от р. Нижние Куючи. Менее, чем в полутора километрах проходит строящаяся трасса на Каракольские озера.",участок на склоне. Частично покрыт лесом. Не рядом с дорогой.,,
karakolskie_ozyora.csv,6 Каракольские Оз.,75.0,94,9-К51,04:05:030406:880,0.2366,190000.0,4495400.0,95000.0,,,Р,"1, 2, 3, 4, 5, 8",КФХ,ИМПЛЕМЕНТ-ИНВЕСТ,,2025-01-28,1185484.0,,,"КЕДРОГРАД | КП №1 Первый от трассы (Заезд №2; 1,6км) | Участки северо-восточнее лога Верх. Курокчи. Редколесье на некрутом западном склоне, недалеко от р. Нижние Куючи. Менее, чем в полутора километрах проходит строящаяся трасса на Каракольские озера.",участок на склоне. Частично покрыт лесом. Не рядом с дорогой.,,
karakolskie_ozyora.csv,6 Каракольские Оз.,76.0,95,9-К52,04:05:030406:881,0.2581,190000.0,4903900.0,95000.0,,,Р,"1, 2, 3, 4, 5, 8",КФХ,ИМПЛЕМЕНТ-ИНВЕСТ,,2025-01-28,1293210.0,,,"КЕДРОГРАД | КП №1 Первый от трассы (Заезд №2; 1,6км) | Участки северо-восточнее лога Верх. Курокчи. Редколесье на некрутом западном склоне, недалеко от р. Нижние Куючи. Менее, чем в полутора километрах проходит строящаяся трасса на Каракольские озера.",участок на склоне. Частично покрыт лесом. Не рядом с дорогой.,,
karakolskie_ozyora.csv,6 Каракольские Оз.,77.0,96,9-К53,04:05:030406:882,0.2356,190000.0,4476400.0,95000.0,,,Р,"1, 2, 3, 4, 5, 8",КФХ,ИМПЛЕМЕНТ-ИНВЕСТ,,2025-01-28,1180474.0,,,"КЕДРОГРАД | КП №1 Первый от трассы (Заезд №2; 1,6км) | Участки северо-восточнее лога Верх. Курокчи. Редколесье на некрутом западном склоне, недалеко от р. Нижние Куючи. Менее, чем в полутора километрах проходит строящаяся трасса на Каракольские озера.",участок на склоне. Частично покрыт лесом. Не рядом с дорогой.,,
karakolskie_ozyora.csv,6 Каракольские Оз.,78.0,97,9-К54,04:05:030406:883,0.1059,190000.0,2012100.0,95000.0,,,Р,"1, 2, 3, 4, 5, 8",КФХ,ИМПЛЕМЕНТ-ИНВЕСТ,,2025-01-28,530612.0,,,"КЕДРОГРАД | КП №1 Первый от трассы (Заезд №2; 1,6км) | Участки северо-восточнее лога Верх. Курокчи. Редколесье на некрутом западном склоне, недалеко от р. Нижние Куючи. Менее, чем в полутора километрах проходит строящаяся трасса на Каракольские озера.",участок на склоне. Частично покрыт лесом. Не рядом с дорогой.,,
karakolskie_ozyora.csv,6 Каракольские Оз.,79.0,98,9-К55,04:05:030406:884,0.204,190000.0,3876000.0,95000.0,,,Р,"1, 2, 3, 4, 5, 8",КФХ,ИМПЛЕМЕНТ-ИНВЕСТ,,2025-01-28,1022142.0,,,"КЕДРОГРАД | КП №1 Первый от трассы (Заезд №2; 1,6км) | Участки северо-восточнее лога Верх. Курокчи. Редколесье на некрутом западном склоне, недалеко от р. Нижние Куючи. Менее, чем в полутора километрах проходит строящаяся трасса на Каракольские озера.",участок на склоне. Частично покрыт лесом. Не рядом с дорогой.,,
karakolskie_ozyora.csv,6 Каракольские Оз.,80.0,99,9-К56,04:05:030406:885,0.1885,190000.0,3581500.0,95000.0,,,Р,"1, 2, 3, 4, 5, 8",КФХ,ИМПЛЕМЕНТ-ИНВЕСТ,,2025-01-28,944479.0,,,"КЕДРОГРАД | КП №1 Первый от трассы (Заезд №2; 1,6км) | Участки северо-восточнее лога Верх. Курокчи. Редколесье на некрутом западном склоне, недалеко от р. Нижние Куючи. Менее, чем в полутора километрах проходит строящаяся трасса на Каракольские озера.",участок на склоне. Частично покрыт лесом. Не рядом с дорогой.,,
karakolskie_ozyora.csv,6 Каракольские Оз.,81.0,100,9-К57,04:05:030406:886,0.1349,190000.0,2563100.0,95000.0,,,Р,"1, 2, 3, 4, 5, 8",КФХ,ИМПЛЕМЕНТ-ИНВЕСТ,,2025-01-28,675916.0,,,"КЕДРОГРАД | КП №1 Первый от трассы (Заезд №2; 1,6км) | Участки северо-восточнее лога Верх. Курокчи. Редколесье на некрутом западном склоне, недалеко от р. Нижние Куючи. Менее, чем в полутора километрах проходит строящаяся трасса на Каракольские озера.",участок на склоне. Частично покрыт лесом. Не рядом с дорогой.,,
karakolskie_ozyora.csv,6 Каракольские Оз.,82.0,101,9-К58,04:05:030406:887,0.1307,190000.0,2483300.0,95000.0,,,Р,"1, 2, 3, 4, 5, 8",КФХ,ИМПЛЕМЕНТ-ИНВЕСТ,,2025-01-28,654872.0,,,"КЕДРОГРАД | КП №1 Первый от трассы (Заезд №2; 1,6км) | Участки северо-восточнее лога Верх. Курокчи. Редколесье на некрутом западном склоне, недалеко от р. Нижние Куючи. Менее, чем в полутора километрах проходит строящаяся трасса на Каракольские озера.",участок на склоне. Частично покрыт лесом. Не рядом с дорогой.,,
karakolskie_ozyora.csv,6 Каракольские Оз.,83.0,102,9-К59,04:05:030406:888,0.1546,190000.0,2937400.0,95000.0,,,Р,"1, 2, 3, 4, 5, 8",КФХ,ИМПЛЕМЕНТ-ИНВЕСТ,,2025-01-28,774623.0,,,"КЕДРОГРАД | КП №1 Первый от трассы (Заезд №2; 1,6км) | Участки северо-восточнее лога Верх. Курокчи. Редколесье на некрутом западном склоне, недалеко от р. Нижние Куючи. Менее, чем в полутора километрах проходит строящаяся трасса на Каракольские озера.",участок на склоне. Частично покрыт лесом. Не рядом с дорогой.,,
karakolskie_ozyora.csv,6 Каракольские Оз.,84.0,103,9-К60,04:05:030406:889,0.1734,190000.0,3294600.0,95000.0,,,Р,"1, 2, 3, 4, 5, 8",КФХ,ИМПЛЕМЕНТ-ИНВЕСТ,,2025-01-28,868821.0,,,"КЕДРОГРАД | КП №1 Первый от трассы (Заезд №2; 1,6км) | Участки северо-восточнее лога Верх. Курокчи. Редколесье на некрутом западном склоне, недалеко от р. Нижние Куючи. Менее, чем в полутора километрах проходит строящаяся трасса на Каракольские озера.",участок на склоне. Частично покрыт лесом. Не рядом с дорогой.,,
karakolskie_ozyora.csv,6 Каракольские Оз.,85.0,104,9-К61,04:05:030406:890,0.192,190000.0,3648000.0,95000.0,,,Р,"1, 2, 3, 4, 5, 8",КФХ,ИМПЛЕМЕНТ-ИНВЕСТ,,2025-01-28,962016.0,,,"КЕДРОГРАД | КП №1 Первый от трассы (Заезд №2; 1,6км) | Участки северо-восточнее лога Верх. Курокчи. Редколесье на некрутом западном склоне, недалеко от р. Нижние Куючи. Менее, чем в полутора километрах проходит строящаяся трасса на Каракольские озера.",участок на склоне. Частично покрыт лесом. Не рядом с дорогой.,,
karakolskie_ozyora.csv,6 Каракольские Оз.,86.0,105,9-К62,04:05:030406:891,0.2084,190000.0,3959600.0,95000.0,,,Р,"1, 2, 3, 4, 5, 8",КФХ,ИМПЛЕМЕНТ-ИНВЕСТ,,2025-01-28,1044188.0,,,"КЕДРОГРАД | КП №1 Первый от трассы (Заезд №2; 1,6км) | Участки северо-восточнее лога Верх. Курокчи. Редколесье на некрутом западном склоне, недалеко от р. Нижние Куючи. Менее, чем в полутора километрах проходит строящаяся трасса на Каракольские озера.",участок на склоне. Частично покрыт лесом. Не рядом с дорогой.,,
karakolskie_ozyora.csv,6 Каракольские Оз.,87.0,106,9-К63,04:05:030406:892,0.214,190000.0,4066000.0,95000.0,,,Р,"1, 2, 3, 4, 5, 8",КФХ,ИМПЛЕМЕНТ-ИНВЕСТ,,2025-01-28,1072247.0,,,"КЕДРОГРАД | КП №1 Первый от трассы (Заезд №2; 1,6км) | Участки северо-восточнее лога Верх. Курокчи. Редколесье на некрутом западном склоне, недалеко от р. Нижние Куючи. Менее, чем в полутора километрах проходит строящаяся трасса на Каракольские озера.",участок на склоне. Частично покрыт лесом. Не рядом с дорогой.,,
karakolskie_ozyora.csv,6 Каракольские Оз.,88.0,107,9-К64,04:05:030406:893,0.1915,190000.0,3638500.0,95000.0,,,Р,"1, 2, 3, 4, 5, 8",КФХ,ИМПЛЕМЕНТ-ИНВЕСТ,,2025-01-28,959511.0,,,"КЕДРОГРАД | КП №1 Первый от трассы (Заезд №2; 1,6км) | Участки северо-восточнее лога Верх. Курокчи. Редколесье на некрутом западном склоне, недалеко от р. Нижние Куючи. Менее, чем в полутора километрах проходит строящаяся трасса на Каракольские озера.",участок на склоне. Частично покрыт лесом. Не рядом с дорогой.,,
karakolskie_ozyora.csv,6 Каракольские Оз.,89.0,108,9-К65,04:05:030406:894,0.1062,190000.0,2017800.0,95000.0,,,Р,"1, 2, 3, 4, 5, 8",КФХ,ИМПЛЕМЕНТ-ИНВЕСТ,,2025-01-28,532115.0,,,"КЕДРОГРАД | КП №1 Первый от трассы (Заезд №2; 1,6км) | Участки северо-восточнее лога Верх. Курокчи. Редколесье на некрутом западном склоне, недалеко от р. Нижние Куючи. Менее, чем в полутора километрах проходит строящаяся трасса на Каракольские озера.",участок на склоне. Частично покрыт лесом. Не рядом с дорогой.,,
karakolskie_ozyora.csv,6 Каракольские Оз.,90.0,109,9-К66,04:05:030406:895,0.1562,190000.0,2967800.0,95000.0,,,Р,"1, 2, 3, 4, 5, 8",КФХ,ИМПЛЕМЕНТ-ИНВЕСТ,,2025-01-28,782640.0,,,"КЕДРОГРАД | КП №1 Первый от трассы (Заезд №2; 1,6км) | Участки северо-восточнее лога Верх. Курокчи. Редколесье на некрутом западном склоне, недалеко от р. Нижние Куючи. Менее, чем в полутора километрах проходит строящаяся трасса на Каракольские озера.",участок на склоне. Частично покрыт лесом. Не рядом с дорогой.,,
karakolskie_ozyora.csv,6 Каракольские Оз.,91.0,110,9-К67,04:05:030406:896,0.1387,190000.0,2635300.0,95000.0,,,Р,"1, 2, 3, 4, 5, 8",КФХ,ИМПЛЕМЕНТ-ИНВЕСТ,,2025-01-28,694956.0,,,"КЕДРОГРАД | КП №1 Первый от трассы (Заезд №2; 1,6км) | Участки северо-восточнее лога Верх. Курокчи. Редколесье на некрутом западном склоне, недалеко от р. Нижние Куючи. Менее, чем в полутора километрах проходит строящаяся трасса на Каракольские озера.",участок на склоне. Частично покрыт лесом. Не рядом с дорогой.,,
karakolskie_ozyora.csv,6 Каракольские Оз.,92.0,111,9-К68,04:05:030406:897,0.1653,190000.0,3140700.0,95000.0,,,Р,"1, 2, 3, 4, 5, 8",КФХ,ИМПЛЕМЕНТ-ИНВЕСТ,,2025-01-28,828235.0,,,"КЕДРОГРАД | КП №1 Первый от трассы (Заезд №2; 1,6км) | Участки северо-восточнее лога Верх. Курокчи. Редколесье на некрутом западном склоне, недалеко от р. Нижние Куючи. Менее, чем в полутора километрах проходит строящаяся трасса на Каракольские озера.",участок на склоне. Частично покрыт лесом. Не рядом с дорогой.,,
karakolskie_ozyora.csv,6 Каракольские Оз.,93.0,112,9-К69,04:05:030406:898,0.1581,190000.0,3003900.0,95000.0,,,Р,"1, 2, 3, 4, 5, 8",КФХ,ИМПЛЕМЕНТ-ИНВЕСТ,,2025-01-28,792160.0,,,"КЕДРОГРАД | КП №1 Первый от трассы (Заезд №2; 1,6км) | Участки северо-восточнее лога Верх. Курокчи. Редколесье на некрутом западном склоне, недалеко от р. Нижние Куючи. Менее, чем в полутора километрах проходит строящаяся трасса на Каракольские озера.",участок на склоне. Частично покрыт лесом. Не рядом с дорогой.,,
karakolskie_ozyora.csv,6 Каракольские Оз.,94.0,113,9-К70,04:05:030406:899,0.1234,190000.0,2344600.0,95000.0,,,Р,"1, 2, 3, 4, 5, 8",КФХ,ИМПЛЕМЕНТ-ИНВЕСТ,,2025-01-28,618296.0,,,"КЕДРОГРАД | КП №1 Первый от трассы (Заезд №2; 1,6км) | Участки северо-восточнее лога Верх. Курокчи. Редколесье на некрутом западном склоне, недалеко от р. Нижние Куючи. Менее, чем в полутора километрах проходит строящаяся трасса на Каракольские озера.",участок на склоне. Частично покрыт лесом. Не рядом с дорогой.,,
karakolskie_ozyora.csv,6 Каракольские Оз.,95.0,114,9-К71,04:05:030406:900,0.129,190000.0,2451000.0,95000.0,,,Р,"1, 2, 3, 4, 5, 8",КФХ,ИМПЛЕМЕНТ-ИНВЕСТ,,2025-01-28,646354.0,,,"КЕДРОГРАД | КП №1 Первый от трассы (Заезд №2; 1,6км) | Участки северо-восточнее лога Верх. Курокчи. Редколесье на некрутом западном склоне, недалеко от р. Нижние Куючи. Менее, чем в полутора километрах проходит строящаяся трасса на Каракольские озера.",участок на склоне. Частично покрыт лесом. Не рядом с дорогой.,,
karakolskie_ozyora.csv,6 Каракольские Оз.,96.0,115,9-К72,04:05:030406:839,0.4871,,0.0,,,,Р,"1, 2, 3, 4, 5, 8",КФХ,ИМПЛЕМЕНТ-ИНВЕСТ,,2025-01-28,2440614.0,,,"КЕДРОГРАД | КП №1 Первый от трассы (Заезд №2; 1,6км) | Участки северо-восточнее лога Верх. Курокчи. Редколесье на некрутом западном склоне, недалеко от р. Нижние Куючи. Менее, чем в полутора километрах проходит строящаяся трасса на Каракольские озера.",ДОРОГА,,МОП/дорога
karakolskie_ozyora.csv,6 Каракольские Оз.,97.0,116,9-К73,04:05:030406:828,0.7184,,0.0,,,,Р,"1, 2, 3, 4, 5, 8",КФХ,ИМПЛЕМЕНТ-ИНВЕСТ,,2025-01-28,3546431.0,,,"КЕДРОГРАД | КП №1 Первый от трассы (Заезд №2; 1,6км) | Участки северо-восточнее лога Верх. Курокчи. Редколесье на некрутом западном склоне, недалеко от р. Нижние Куючи. Менее, чем в полутора километрах проходит строящаяся трасса на Каракольские озера.",ДОРОГА,,МОП/дорога
karakolskie_ozyora.csv,6 Каракольские Оз.,872.0,981,6-К1,04:05:030406:409,0.6046,170000.0,10278200.0,85000.0,,,Р,"1, 2, 3, 4, 5, 8",КФХ,Аватар Жизнь,,2025-01-13,2861445.0,,,"ГОРОД ""КЕДРОГРАД"" | КУЮМСКИЙ КУРОРТНЫЙ ГОРОД ""КЕДРОГРАД"" | №2 КП Лесной (заезд №2; 2,5км)","участок на берегу р.Верхние Куючи. Склон , частично покрыт лесом. Дорога идет по краю участка.",,
karakolskie_ozyora.csv,6 Каракольские Оз.,873.0,982,6-К2,04:05:030406:410,0.2311,170000.0,3928700.0,85000.0,,,Р,"1, 2, 3, 4, 5, 8",КФХ,Аватар Жизнь,,2025-01-13,1093748.0,,,"ГОРОД ""КЕДРОГРАД"" | КУЮМСКИЙ КУРОРТНЫЙ ГОРОД ""КЕДРОГРАД"" | №2 КП Лесной (заезд №2; 2,5км)",,,
karakolskie_ozyora.csv,6 Каракольские Оз.,874.0,983,6-К3,04:05:030406:411,0.2311,170000.0,3928700.0,85000.0,,,Р,"1, 2, 3, 4, 5, 8",КФХ,Аватар Жизнь,,2025-01-13,1093748.0,,,"ГОРОД ""КЕДРОГРАД"" | КУЮМСКИЙ КУРОРТНЫЙ ГОРОД ""КЕДРОГРАД"" | №2 КП Лесной (заезд №2; 2,5км)",,,
karakolskie_ozyora.csv,6 Каракольские Оз.,875.0,984,6-К4,04:05:030406:412,0.2292,170000.0,3896400.0,85000.0,,,Р,"1, 2, 3, 4, 5, 8",КФХ,Аватар Жизнь,,2025-01-13,1084756.0,,,"ГОРОД ""КЕДРОГРАД"" | КУЮМСКИЙ КУРОРТНЫЙ ГОРОД ""КЕДРОГРАД"" | №2 КП Лесной (заезд №2; 2,5км)",,,
karakolskie_ozyora.csv,6 Каракольские Оз.,876.0,985,6-К5,04:05:030406:413,0.1779,170000.0,3024300.0,85000.0,,,Р,"1, 2, 3, 4, 5, 8",КФХ,Аватар Жизнь,,2025-01-13,841964.0,,,"ГОРОД ""КЕДРОГРАД"" | КУЮМСКИЙ КУРОРТНЫЙ ГОРОД ""КЕДРОГРАД"" | №2 КП Лесной (заезд №2; 2,5км)",,,
karakolskie_ozyora.csv,6 Каракольские Оз.,877.0,986,6-К6,04:05:030406:414,0.3944,170000.0,6704800.0,85000.0,,,Р,"1, 2, 3, 4, 5, 8",КФХ,Аватар Жизнь,,2025-01-13,1866613.0,,,"ГОРОД ""КЕДРОГРАД"" | КУЮМСКИЙ КУРОРТНЫЙ ГОРОД ""КЕДРОГРАД"" | №2 КП Лесной (заезд №2; 2,5км)",,,
karakolskie_ozyora.csv,6 Каракольские Оз.,878.0,987,6-К7,04:05:030406:415,0.4068,170000.0,6915600.0,85000.0,,,Р,"1, 2, 3, 4, 5, 8",КФХ,Аватар Жизнь,,2025-01-13,1925299.0,,,"ГОРОД ""КЕДРОГРАД"" | КУЮМСКИЙ КУРОРТНЫЙ ГОРОД ""КЕДРОГРАД"" | №2 КП Лесной (заезд №2; 2,5км)",,,
karakolskie_ozyora.csv,6 Каракольские Оз.,879.0,988,6-К8,04:05:030406:416,0.3964,170000.0,6738800.0,85000.0,,,Р,"1, 2, 3, 4, 5, 8",КФХ,Аватар Жизнь,,2025-01-13,1876078.0,,,"ГОРОД ""КЕДРОГРАД"" | КУЮМСКИЙ КУРОРТНЫЙ ГОРОД ""КЕДРОГРАД"" | №2 КП Лесной (заезд №2; 2,5км)",,,
karakolskie_ozyora.csv,6 Каракольские Оз.,880.0,989,6-К9,04:05:030406:417,0.3953,170000.0,6720100.0,85000.0,,,Р,"1, 2, 3, 4, 5, 8",КФХ,Аватар Жизнь,,2025-01-13,1870872.0,,,"ГОРОД ""КЕДРОГРАД"" | КУЮМСКИЙ КУРОРТНЫЙ ГОРОД ""КЕДРОГРАД"" | №2 КП Лесной (заезд №2; 2,5км)",,,
karakolskie_ozyora.csv,6 Каракольские Оз.,881.0,990,6-К10,04:05:030406:418,0.4452,170000.0,7568400.0,85000.0,,,Р,"1, 2, 3, 4, 5, 8",КФХ,Аватар Жизнь,,2025-01-13,2107039.0,,,"ГОРОД ""КЕДРОГРАД"" | КУЮМСКИЙ КУРОРТНЫЙ ГОРОД ""КЕДРОГРАД"" | №2 КП Лесной (заезд №2; 2,5км)",,,
karakolskie_ozyora.csv,6 Каракольские Оз.,882.0,991,6-К11,04:05:030406:419,0.4511,170000.0,7668700.0,85000.0,,,Р,"1, 2, 3, 4, 5, 8",КФХ,Аватар Жизнь,,2025-01-13,2134962.0,,,"ГОРОД ""КЕДРОГРАД"" | КУЮМСКИЙ КУРОРТНЫЙ ГОРОД ""КЕДРОГРАД"" | №2 КП Лесной (заезд №2; 2,5км)",,,
karakolskie_ozyora.csv,6 Каракольские Оз.,883.0,992,6-К12,04:05:030406:420,0.488,170000.0,8296000.0,85000.0,,,Р,"1, 2, 3, 4, 5, 8",КФХ,Аватар Жизнь,,2025-01-13,2309602.0,,,"ГОРОД ""КЕДРОГРАД"" | КУЮМСКИЙ КУРОРТНЫЙ ГОРОД ""КЕДРОГРАД"" | №2 КП Лесной (заезд №2; 2,5км)",,,
karakolskie_ozyora.csv,6 Каракольские Оз.,884.0,993,6-К13,04:05:030406:421,0.3935,170000.0,6689500.0,85000.0,,,Р,"1, 2, 3, 4, 5, 8",КФХ,Аватар Жизнь,,2025-01-13,1862353.0,,,"ГОРОД ""КЕДРОГРАД"" | КУЮМСКИЙ КУРОРТНЫЙ ГОРОД ""КЕДРОГРАД"" | №2 КП Лесной (заезд №2; 2,5км)",,,
karakolskie_ozyora.csv,6 Каракольские Оз.,885.0,994,6-К14,04:05:030406:422,0.3921,170000.0,6665700.0,85000.0,,,Р,"1, 2, 3, 4, 5, 8",КФХ,Аватар Жизнь,,2025-01-13,1855727.0,,,"ГОРОД ""КЕДРОГРАД"" | КУЮМСКИЙ КУРОРТНЫЙ ГОРОД ""КЕДРОГРАД"" | №2 КП Лесной (заезд №2; 2,5км)",,,
karakolskie_ozyora.csv,6 Каракольские Оз.,886.0,995,6-К15,04:05:030406:423,0.4085,170000.0,6944500.0,85000.0,,,Р,"1, 2, 3, 4, 5, 8",КФХ,Аватар Жизнь,,2025-01-13,1933345.0,,,"ГОРОД ""КЕДРОГРАД"" | КУЮМСКИЙ КУРОРТНЫЙ ГОРОД ""КЕДРОГРАД"" | №2 КП Лесной (заезд №2; 2,5км)",,,
karakolskie_ozyora.csv,6 Каракольские Оз.,887.0,996,6-К16,04:05:030406:424,0.3957,170000.0,6726900.0,85000.0,,,Р,"1, 2, 3, 4, 5, 8",КФХ,Аватар Жизнь,,2025-01-13,1872765.0,,,"ГОРОД ""КЕДРОГРАД"" | КУЮМСКИЙ КУРОРТНЫЙ ГОРОД ""КЕДРОГРАД"" | №2 КП Лесной (заезд №2; 2,5км)",,,
karakolskie_ozyora.csv,6 Каракольские Оз.,888.0,997,6-К17,04:05:030406:425,0.2808,170000.0,4773600.0,85000.0,,,Р,"1, 2, 3, 4, 5, 8",КФХ,Аватар Жизнь,,2025-01-13,1328968.0,,,"ГОРОД ""КЕДРОГРАД"" | КУЮМСКИЙ КУРОРТНЫЙ ГОРОД ""КЕДРОГРАД"" | №2 КП Лесной (заезд №2; 2,5км)",,,
karakolskie_ozyora.csv,6 Каракольские Оз.,889.0,998,6-К18,04:05:030406:426,0.4284,170000.0,7282800.0,85000.0,,,Р,"1, 2, 3, 4, 5, 8",КФХ,Аватар Жизнь,,2025-01-13,2027528.0,,,"ГОРОД ""КЕДРОГРАД"" | КУЮМСКИЙ КУРОРТНЫЙ ГОРОД ""КЕДРОГРАД"" | №2 КП Лесной (заезд №2; 2,5км)",,,
karakolskie_ozyora.csv,6 Каракольские Оз.,890.0,999,6-К19,04:05:030406:427,0.3367,170000.0,5723900.0,85000.0,,,Р,"1, 2, 3, 4, 5, 8",КФХ,Аватар Жизнь,,2025-01-13,1593531.0,,,"ГОРОД ""КЕДРОГРАД"" | КУЮМСКИЙ КУРОРТНЫЙ ГОРОД ""КЕДРОГРАД"" | №2 КП Лесной (заезд №2; 2,5км)",,,
karakolskie_ozyora.csv,6 Каракольские Оз.,891.0,1000,6-К20,04:05:030406:428,0.3283,170000.0,5581100.0,85000.0,,,Р,"1, 2, 3, 4, 5, 8",КФХ,Аватар Жизнь,,2025-01-13,1553775.0,,,"ГОРОД ""КЕДРОГРАД"" | КУЮМСКИЙ КУРОРТНЫЙ ГОРОД ""КЕДРОГРАД"" | №2 КП Лесной (заезд №2; 2,5км)",,,
karakolskie_ozyora.csv,6 Каракольские Оз.,892.0,1001,6-К21,04:05:030406:429,0.3637,170000.0,6182900.0,85000.0,,,Р,"1, 2, 3, 4, 5, 8",КФХ,Аватар Жизнь,,2025-01-13,1721316.0,,,"ГОРОД ""КЕДРОГРАД"" | КУЮМСКИЙ КУРОРТНЫЙ ГОРОД ""КЕДРОГРАД"" | №2 КП Лесной (заезд №2; 2,5км)",,,
karakolskie_ozyora.csv,6 Каракольские Оз.,893.0,1002,6-К22,04:05:030406:430,0.3384,170000.0,5752800.0,85000.0,,,Р,"1, 2, 3, 4, 5, 8",КФХ,Аватар Жизнь,,2025-01-13,1601576.0,,,"ГОРОД ""КЕДРОГРАД"" | КУЮМСКИЙ КУРОРТНЫЙ ГОРОД ""КЕДРОГРАД"" | №2 КП Лесной (заезд №2; 2,5км)",,,
karakolskie_ozyora.csv,6 Каракольские Оз.,894.0,1003,6-К23,04:05:030406:431,0.4907,170000.0,8341900.0,85000.0,,,Р,"1, 2, 3, 4, 5, 8",КФХ,Аватар Жизнь,,2025-01-13,2322381.0,,,"ГОРОД ""КЕДРОГРАД"" | КУЮМСКИЙ КУРОРТНЫЙ ГОРОД ""КЕДРОГРАД"" | №2 КП Лесной (заезд №2; 2,5км)",,,
karakolskie_ozyora.csv,6 Каракольские Оз.,895.0,1004,6-К24,04:05:030406:432,0.462,170000.0,7854000.0,85000.0,,,Р,"1, 2, 3, 4, 5, 8",КФХ,Аватар Жизнь,,2025-01-13,2186549.0,,,"ГОРОД ""КЕДРОГРАД"" | КУЮМСКИЙ КУРОРТНЫЙ ГОРОД ""КЕДРОГРАД"" | №2 КП Лесной (заезд №2; 2,5км)",,,
karakolskie_ozyora.csv,6 Каракольские Оз.,896.0,1005,6-К25,04:05:030406:433,0.6073,170000.0,10324100.0,85000.0,,,Р,"1, 2, 3, 4, 5, 8",КФХ,Аватар Жизнь,,2025-01-13,2874224.0,,,"ГОРОД ""КЕДРОГРАД"" | КУЮМСКИЙ КУРОРТНЫЙ ГОРОД ""КЕДРОГРАД"" | №2 КП Лесной (заезд №2; 2,5км)",,,
karakolskie_ozyora.csv,6 Каракольские Оз.,897.0,1006,6-К26,04:05:030406:434,0.7547,170000.0,12829900.0,85000.0,,,Р,"1, 2, 3, 4, 5, 8",КФХ,Аватар Жизнь,,2025-01-13,3571837.0,,,"ГОРОД ""КЕДРОГРАД"" | КУЮМСКИЙ КУРОРТНЫЙ ГОРОД ""КЕДРОГРАД"" | №2 КП Лесной (заезд №2; 2,5км)",,,
karakolskie_ozyora.csv,6 Каракольские Оз.,898.0,1007,6-К27,04:05:030406:435,0.2733,170000.0,4646100.0,85000.0,,,Р,"1, 2, 3, 4, 5, 8",КФХ,Аватар Жизнь,,2025-01-13,1293472.0,,,"ГОРОД ""КЕДРОГРАД"" | КУЮМСКИЙ КУРОРТНЫЙ ГОРОД ""КЕДРОГРАД"" | №2 КП Лесной (заезд №2; 2,5км)",,,
karakolskie_ozyora.csv,6 Каракольские Оз.,899.0,1008,6-К28,04:05:030406:436,0.5663,170000.0,9627100.0,85000.0,,,Р,"1, 2, 3, 4, 5, 8",КФХ,Аватар Жизнь,,2025-01-13,2680179.0,,,"ГОРОД ""КЕДРОГРАД"" | КУЮМСКИЙ КУРОРТНЫЙ ГОРОД ""КЕДРОГРАД"" | №2 КП Лесной (заезд №2; 2,5км)",,,
karakolskie_ozyora.csv,6 Каракольские Оз.,900.0,1009,6-К29,04:05:030406:437,0.3691,170000.0,6274700.0,85000.0,,,Р,"1, 2, 3, 4, 5, 8",КФХ,Аватар Жизнь,,2025-01-13,1746873.0,,,"ГОРОД ""КЕДРОГРАД"" | КУЮМСКИЙ КУРОРТНЫЙ ГОРОД ""КЕДРОГРАД"" | №2 КП Лесной (заезд №2; 2,5км)",,,
karakolskie_ozyora.csv,6 Каракольские Оз.,901.0,1010,6-К30,04:05:030406:438,0.3515,170000.0,5975500.0,85000.0,,,Р,"1, 2, 3, 4, 5, 8",КФХ,Аватар Жизнь,,2025-01-13,1663576.0,,,"ГОРОД ""КЕДРОГРАД"" | КУЮМСКИЙ КУРОРТНЫЙ ГОРОД ""КЕДРОГРАД"" | №2 КП Лесной (заезд №2; 2,5км)",,,
karakolskie_ozyora.csv,6 Каракольские Оз.,902.0,1011,6-К31,04:05:030406:439,0.3515,170000.0,5975500.0,85000.0,,,Р,"1, 2, 3, 4, 5, 8",КФХ,Аватар Жизнь,,2025-01-13,1663576.0,,,"ГОРОД ""КЕДРОГРАД"" | КУЮМСКИЙ КУРОРТНЫЙ ГОРОД ""КЕДРОГРАД"" | №2 КП Лесной (заезд №2; 2,5км)",,,
karakolskie_ozyora.csv,6 Каракольские Оз.,903.0,1012,6-К32,04:05:030406:440,0.3457,170000.0,5876900.0,85000.0,,,Р,"1, 2, 3, 4, 5, 8",КФХ,Аватар Жизнь,,2025-01-13,1636126.0,,,"ГОРОД ""КЕДРОГРАД"" | КУЮМСКИЙ КУРОРТНЫЙ ГОРОД ""КЕДРОГРАД"" | №2 КП Лесной (заезд №2; 2,5км)",,,
karakolskie_ozyora.csv,6 Каракольские Оз.,904.0,1013,6-К33,04:05:030406:441,0.3521,170000.0,5985700.0,85000.0,,,Р,"1, 2, 3, 4, 5, 8",КФХ,Аватар Жизнь,,2025-01-13,1666416.0,,,"ГОРОД ""КЕДРОГРАД"" | КУЮМСКИЙ КУРОРТНЫЙ ГОРОД ""КЕДРОГРАД"" | №2 КП Лесной (заезд №2; 2,5км)",,,
karakolskie_ozyora.csv,6 Каракольские Оз.,905.0,1014,6-К34,04:05:030406:442,0.5997,170000.0,10194900.0,85000.0,,,Р,"1, 2, 3, 4, 5, 8",КФХ,Аватар Жизнь,,2025-01-13,2838255.0,,,"ГОРОД ""КЕДРОГРАД"" | КУЮМСКИЙ КУРОРТНЫЙ ГОРОД ""КЕДРОГРАД"" | №2 КП Лесной (заезд №2; 2,5км)",,,
karakolskie_ozyora.csv,6 Каракольские Оз.,906.0,1015,6-К35,04:05:030406:443,0.4002,170000.0,6803400.0,85000.0,,,Р,"1, 2, 3, 4, 5, 8",КФХ,Аватар Жизнь,,2025-01-13,1894063.0,,,"ГОРОД ""КЕДРОГРАД"" | КУЮМСКИЙ КУРОРТНЫЙ ГОРОД ""КЕДРОГРАД"" | №2 КП Лесной (заезд №2; 2,5км)",,,
karakolskie_ozyora.csv,6 Каракольские Оз.,907.0,1016,6-К36,04:05:030406:444,0.4118,170000.0,7000600.0,85000.0,,,Р,"1, 2, 3, 4, 5, 8",КФХ,Аватар Жизнь,,2025-01-13,1948963.0,,,"ГОРОД ""КЕДРОГРАД"" | КУЮМСКИЙ КУРОРТНЫЙ ГОРОД ""КЕДРОГРАД"" | №2 КП Лесной (заезд №2; 2,5км)",,,
karakolskie_ozyora.csv,6 Каракольские Оз.,908.0,1017,6-К37,04:05:030406:445,0.4508,170000.0,7663600.0,85000.0,,,Р,"1, 2, 3, 4, 5, 8",КФХ,Аватар Жизнь,,2025-01-13,2133542.0,,,"ГОРОД ""КЕДРОГРАД"" | КУЮМСКИЙ КУРОРТНЫЙ ГОРОД ""КЕДРОГРАД"" | №2 КП Лесной (заезд №2; 2,5км)",,,
karakolskie_ozyora.csv,6 Каракольские Оз.,909.0,1018,6-К38,04:05:030406:446,0.4886,170000.0,8306200.0,85000.0,,,Р,"1, 2, 3, 4, 5, 8",КФХ,Аватар Жизнь,,2025-01-13,2312442.0,,,"ГОРОД ""КЕДРОГРАД"" | КУЮМСКИЙ КУРОРТНЫЙ ГОРОД ""КЕДРОГРАД"" | №2 КП Лесной (заезд №2; 2,5км)",,,
karakolskie_ozyora.csv,6 Каракольские Оз.,910.0,1019,6-К39,04:05:030406:447,0.6111,170000.0,10388700.0,85000.0,,,Р,"1, 2, 3, 4, 5, 8",КФХ,Аватар Жизнь,,2025-01-13,2892209.0,,,"ГОРОД ""КЕДРОГРАД"" | КУЮМСКИЙ КУРОРТНЫЙ ГОРОД ""КЕДРОГРАД"" | №2 КП Лесной (заезд №2; 2,5км)",,,
karakolskie_ozyora.csv,6 Каракольские Оз.,911.0,1020,6-К40,04:05:030406:448,0.5674,170000.0,9645800.0,85000.0,,,Р,"1, 2, 3, 4, 5, 8",КФХ,Аватар Жизнь,,2025-01-13,2685386.0,,,"ГОРОД ""КЕДРОГРАД"" | КУЮМСКИЙ КУРОРТНЫЙ ГОРОД ""КЕДРОГРАД"" | №2 КП Лесной (заезд №2; 2,5км)",,,
karakolskie_ozyora.csv,6 Каракольские Оз.,912.0,1021,6-К41,04:05:030406:449,0.4377,170000.0,7440900.0,85000.0,,,Р,"1, 2, 3, 4, 5, 8",КФХ,Аватар Жизнь,,2025-01-13,2071543.0,,,"ГОРОД ""КЕДРОГРАД"" | КУЮМСКИЙ КУРОРТНЫЙ ГОРОД ""КЕДРОГРАД"" | №2 КП Лесной (заезд №2; 2,5км)",,,
karakolskie_ozyora.csv,6 Каракольские Оз.,913.0,1022,6-К42,04:05:030406:450,0.3982,170000.0,6769400.0,85000.0,,,Р,"1, 2, 3, 4, 5, 8",КФХ,Аватар Жизнь,,2025-01-13,1884597.0,,,"ГОРОД ""КЕДРОГРАД"" | КУЮМСКИЙ КУРОРТНЫЙ ГОРОД ""КЕДРОГРАД"" | №2 КП Лесной (заезд №2; 2,5км)",,,
karakolskie_ozyora.csv,6 Каракольские Оз.,914.0,1023,6-К43,04:05:030406:451,0.3928,170000.0,6677600.0,85000.0,,,Р,"1, 2, 3, 4, 5, 8",КФХ,Аватар Жизнь,,2025-01-13,1859040.0,,,"ГОРОД ""КЕДРОГРАД"" | КУЮМСКИЙ КУРОРТНЫЙ ГОРОД ""КЕДРОГРАД"" | №2 КП Лесной (заезд №2; 2,5км)",,,
karakolskie_ozyora.csv,6 Каракольские Оз.,915.0,1024,6-К44,04:05:030406:452,0.4067,170000.0,6913900.0,85000.0,,,Р,"1, 2, 3, 4, 5, 8",КФХ,Аватар Жизнь,,2025-01-13,1924826.0,,,"ГОРОД ""КЕДРОГРАД"" | КУЮМСКИЙ КУРОРТНЫЙ ГОРОД ""КЕДРОГРАД"" | №2 КП Лесной (заезд №2; 2,5км)",,,
karakolskie_ozyora.csv,6 Каракольские Оз.,916.0,1025,6-К45,04:05:030406:453,1.4005,170000.0,23808500.0,85000.0,,,Р,"1, 2, 3, 4, 5, 8",КФХ,Аватар Жизнь,,2025-01-13,6628274.0,,,"ГОРОД ""КЕДРОГРАД"" | КУЮМСКИЙ КУРОРТНЫЙ ГОРОД ""КЕДРОГРАД"" | №2 КП Лесной (заезд №2; 2,5км)",,,
karakolskie_ozyora.csv,6 Каракольские Оз.,917.0,1026,6-К46,04:05:030406:454,0.7217,170000.0,12268900.0,85000.0,,,Р,"1, 2, 3, 4, 5, 8",КФХ,Аватар Жизнь,,2025-01-13,3415655.0,,,"ГОРОД ""КЕДРОГРАД"" | КУЮМСКИЙ КУРОРТНЫЙ ГОРОД ""КЕДРОГРАД"" | №2 КП Лесной (заезд №2; 2,5км)",,,
karakolskie_ozyora.csv,6 Каракольские Оз.,918.0,1027,6-К47,04:05:030406:455,0.7082,170000.0,12039400.0,85000.0,,,Р,"1, 2, 3, 4, 5, 8",КФХ,Аватар Жизнь,,2025-01-13,3351763.0,,,"ГОРОД ""КЕДРОГРАД"" | КУЮМСКИЙ КУРОРТНЫЙ ГОРОД ""КЕДРОГРАД"" | №2 КП Лесной (заезд №2; 2,5км)",,,
karakolskie_ozyora.csv,6 Каракольские Оз.,919.0,1028,6-К48,04:05:030406:456,0.6433,170000.0,10936100.0,85000.0,,,Р,"1, 2, 3, 4, 5, 8",КФХ,Аватар Жизнь,,2025-01-13,3044604.0,,,"ГОРОД ""КЕДРОГРАД"" | КУЮМСКИЙ КУРОРТНЫЙ ГОРОД ""КЕДРОГРАД"" | №2 КП Лесной (заезд №2; 2,5км)",,,
karakolskie_ozyora.csv,6 Каракольские Оз.,920.0,1029,6-К49,04:05:030406:457,0.5228,170000.0,8887600.0,85000.0,,,Р,"1, 2, 3, 4, 5, 8",КФХ,Аватар Жизнь,,2025-01-13,2474303.0,,,"ГОРОД ""КЕДРОГРАД"" | КУЮМСКИЙ КУРОРТНЫЙ ГОРОД ""КЕДРОГРАД"" | №2 КП Лесной (заезд №2; 2,5км)",,,
karakolskie_ozyora.csv,6 Каракольские Оз.,921.0,1030,6-К50,04:05:030406:458,0.258,170000.0,4386000.0,85000.0,,,Р,"1, 2, 3, 4, 5, 8",КФХ,Аватар Жизнь,,2025-01-13,1221060.0,,,"ГОРОД ""КЕДРОГРАД"" | КУЮМСКИЙ КУРОРТНЫЙ ГОРОД ""КЕДРОГРАД"" | №2 КП Лесной (заезд №2; 2,5км)",,,
karakolskie_ozyora.csv,6 Каракольские Оз.,922.0,1031,6-К51,04:05:030406:459,0.3131,170000.0,5322700.0,85000.0,,,Р,"1, 2, 3, 4, 5, 8",КФХ,Аватар Жизнь,,2025-01-13,1481837.0,,,"ГОРОД ""КЕДРОГРАД"" | КУЮМСКИЙ КУРОРТНЫЙ ГОРОД ""КЕДРОГРАД"" | №2 КП Лесной (заезд №2; 2,5км)",,,
karakolskie_ozyora.csv,6 Каракольские Оз.,923.0,1032,6-К52,04:05:030406:460,0.3039,170000.0,5166300.0,85000.0,,,Р,"1, 2, 3, 4, 5, 8",КФХ,Аватар Жизнь,,2025-01-13,1438295.0,,,"ГОРОД ""КЕДРОГРАД"" | КУЮМСКИЙ КУРОРТНЫЙ ГОРОД ""КЕДРОГРАД"" | №2 КП Лесной (заезд №2; 2,5км)",,,
karakolskie_ozyora.csv,6 Каракольские Оз.,924.0,1033,6-К53,04:05:030406:461,0.2641,170000.0,4489700.0,85000.0,,,Р,"1, 2, 3, 4, 5, 8",КФХ,Аватар Жизнь,,2025-01-13,1249930.0,,,"ГОРОД ""КЕДРОГРАД"" | КУЮМСКИЙ КУРОРТНЫЙ ГОРОД ""КЕДРОГРАД"" | №2 КП Лесной (заезд №2; 2,5км)",,,
karakolskie_ozyora.csv,6 Каракольские Оз.,925.0,1034,6-К54,04:05:030406:462,0.3182,170000.0,5409400.0,85000.0,,,Р,"1, 2, 3, 4, 5, 8",КФХ,Аватар Жизнь,,2025-01-13,1505974.0,,,"ГОРОД ""КЕДРОГРАД"" | КУЮМСКИЙ КУРОРТНЫЙ ГОРОД ""КЕДРОГРАД"" | №2 КП Лесной (заезд №2; 2,5км)",,,
karakolskie_ozyora.csv,6 Каракольские Оз.,926.0,1035,6-К55,04:05:030406:463,1.8482,170000.0,31419400.0,85000.0,,,Р,"1, 2, 3, 4, 5, 8",КФХ,Аватар Жизнь,,2025-01-13,8747144.0,,,"ГОРОД ""КЕДРОГРАД"" | КУЮМСКИЙ КУРОРТНЫЙ ГОРОД ""КЕДРОГРАД"" | №2 КП Лесной (заезд №2; 2,5км)",,,
karakolskie_ozyora.csv,6 Каракольские Оз.,927.0,1036,6-К56,04:05:030406:464,0.3065,170000.0,5210500.0,85000.0,,,Р,"1, 2, 3, 4, 5, 8",КФХ,Аватар Жизнь,,2025-01-13,1450600.0,,,"ГОРОД ""КЕДРОГРАД"" | КУЮМСКИЙ КУРОРТНЫЙ ГОРОД ""КЕДРОГРАД"" | №2 КП Лесной (заезд №2; 2,5км)",,,
karakolskie_ozyora.csv,6 Каракольские Оз.,928.0,1037,6-К57,04:05:030406:465,0.3083,170000.0,5241100.0,85000.0,,,Р,"1, 2, 3, 4, 5, 8",КФХ,Аватар Жизнь,,2025-01-13,1459119.0,,,"ГОРОД ""КЕДРОГРАД"" | КУЮМСКИЙ КУРОРТНЫЙ ГОРОД ""КЕДРОГРАД"" | №2 КП Лесной (заезд №2; 2,5км)",,,
karakolskie_ozyora.csv,6 Каракольские Оз.,929.0,1038,6-К58,04:05:030406:466,0.2878,170000.0,4892600.0,85000.0,,,Р,"1, 2, 3, 4, 5, 8",КФХ,Аватар Жизнь,,2025-01-13,1362097.0,,,"ГОРОД ""КЕДРОГРАД"" | КУЮМСКИЙ КУРОРТНЫЙ ГОРОД ""КЕДРОГРАД"" | №2 КП Лесной (заезд №2; 2,5км)",,,
karakolskie_ozyora.csv,6 Каракольские Оз.,930.0,1039,6-К59,04:05:030406:467,0.3056,170000.0,5195200.0,85000.0,,,Р,"1, 2, 3, 4, 5, 8",КФХ,Аватар Жизнь,,2025-01-13,1446341.0,,,"ГОРОД ""КЕДРОГРАД"" | КУЮМСКИЙ КУРОРТНЫЙ ГОРОД ""КЕДРОГРАД"" | №2 КП Лесной (заезд №2; 2,5км)",,,
karakolskie_ozyora.csv,6 Каракольские Оз.,931.0,1040,6-К60,04:05:030406:468,0.2888,170000.0,4909600.0,85000.0,,,Р,"1, 2, 3, 4, 5, 8",КФХ,Аватар Жизнь,,2025-01-13,1366830.0,,,"ГОРОД ""КЕДРОГРАД"" | КУЮМСКИЙ КУРОРТНЫЙ ГОРОД ""КЕДРОГРАД"" | №2 КП Лесной (заезд №2; 2,5км)",,,
karakolskie_ozyora.csv,6 Каракольские Оз.,932.0,1041,6-К61,04:05:030406:469,0.515,170000.0,8755000.0,85000.0,,,Р,"1, 2, 3, 4, 5, 8",КФХ,Аватар Жизнь,,2025-01-13,2437387.0,,,"ГОРОД ""КЕДРОГРАД"" | КУЮМСКИЙ КУРОРТНЫЙ ГОРОД ""КЕДРОГРАД"" | №2 КП Лесной (заезд №2; 2,5км)",,,
karakolskie_ozyora.csv,6 Каракольские Оз.,933.0,1042,6-К62,04:05:030406:470,0.2235,170000.0,3799500.0,85000.0,,,Р,"1, 2, 3, 4, 5, 8",КФХ,Аватар Жизнь,,2025-01-13,1057779.0,,,"ГОРОД ""КЕДРОГРАД"" | КУЮМСКИЙ КУРОРТНЫЙ ГОРОД ""КЕДРОГРАД"" | №2 КП Лесной (заезд №2; 2,5км)",,,
karakolskie_ozyora.csv,6 Каракольские Оз.,934.0,1043,6-К63,04:05:030406:471,0.2533,170000.0,4306100.0,85000.0,,,Р,"1, 2, 3, 4, 5, 8",КФХ,Аватар Жизнь,,2025-01-13,1198816.0,,,"ГОРОД ""КЕДРОГРАД"" | КУЮМСКИЙ КУРОРТНЫЙ ГОРОД ""КЕДРОГРАД"" | №2 КП Лесной (заезд №2; 2,5км)",,,
karakolskie_ozyora.csv,6 Каракольские Оз.,935.0,1044,6-К64,04:05:030406:472,0.2376,170000.0,4039200.0,85000.0,,,Р,"1, 2, 3, 4, 5, 8",КФХ,Аватар Жизнь,,2025-01-13,1124511.0,,,"ГОРОД ""КЕДРОГРАД"" | КУЮМСКИЙ КУРОРТНЫЙ ГОРОД ""КЕДРОГРАД"" | №2 КП Лесной (заезд №2; 2,5км)",,,
karakolskie_ozyora.csv,6 Каракольские Оз.,936.0,1045,6-К65,04:05:030406:473,0.2658,170000.0,4518600.0,85000.0,,,Р,"1, 2, 3, 4, 5, 8",КФХ,Аватар Жизнь,,2025-01-13,1257976.0,,,"ГОРОД ""КЕДРОГРАД"" | КУЮМСКИЙ КУРОРТНЫЙ ГОРОД ""КЕДРОГРАД"" | №2 КП Лесной (заезд №2; 2,5км)",,,
karakolskie_ozyora.csv,6 Каракольские Оз.,937.0,1046,6-К66,04:05:030406:474,0.6213,170000.0,10562100.0,85000.0,,,Р,"1, 2, 3, 4, 5, 8",КФХ,Аватар Жизнь,,2025-01-13,2940483.0,,,"ГОРОД ""КЕДРОГРАД"" | КУЮМСКИЙ КУРОРТНЫЙ ГОРОД ""КЕДРОГРАД"" | №2 КП Лесной (заезд №2; 2,5км)",,,
karakolskie_ozyora.csv,6 Каракольские Оз.,938.0,1047,6-К67,04:05:030406:475,0.2442,170000.0,4151400.0,85000.0,,,Р,"1, 2, 3, 4, 5, 8",КФХ,Аватар Жизнь,,2025-01-13,1155748.0,,,"ГОРОД ""КЕДРОГРАД"" | КУЮМСКИЙ КУРОРТНЫЙ ГОРОД ""КЕДРОГРАД"" | №2 КП Лесной (заезд №2; 2,5км)",,,
karakolskie_ozyora.csv,6 Каракольские Оз.,939.0,1048,6-К68,04:05:030406:476,0.2385,170000.0,4054500.0,85000.0,,,Р,"1, 2, 3, 4, 5, 8",КФХ,Аватар Жизнь,,2025-01-13,1128771.0,,,"ГОРОД ""КЕДРОГРАД"" | КУЮМСКИЙ КУРОРТНЫЙ ГОРОД ""КЕДРОГРАД"" | №2 КП Лесной (заезд №2; 2,5км)",,,
karakolskie_ozyora.csv,6 Каракольские Оз.,940.0,1049,6-К69,04:05:030406:477,0.25,170000.0,4250000.0,85000.0,,,Р,"1, 2, 3, 4, 5, 8",КФХ,Аватар Жизнь,,2025-01-13,1183198.0,,,"ГОРОД ""КЕДРОГРАД"" | КУЮМСКИЙ КУРОРТНЫЙ ГОРОД ""КЕДРОГРАД"" | №2 КП Лесной (заезд №2; 2,5км)",,,
karakolskie_ozyora.csv,6 Каракольские Оз.,941.0,1050,6-К70,04:05:030406:478,0.2446,170000.0,4158200.0,85000.0,,,Р,"1, 2, 3, 4, 5, 8",КФХ,Аватар Жизнь,,2025-01-13,1157641.0,,,"ГОРОД ""КЕДРОГРАД"" | КУЮМСКИЙ КУРОРТНЫЙ ГОРОД ""КЕДРОГРАД"" | №2 КП Лесной (заезд №2; 2,5км)",,,
karakolskie_ozyora.csv,6 Каракольские Оз.,942.0,1051,6-К71,04:05:030406:479,0.3121,170000.0,5305700.0,85000.0,,,Р,"1, 2, 3, 4, 5, 8",КФХ,Аватар Жизнь,,2025-01-13,1477104.0,,,"ГОРОД ""КЕДРОГРАД"" | КУЮМСКИЙ КУРОРТНЫЙ ГОРОД ""КЕДРОГРАД"" | №2 КП Лесной (заезд №2; 2,5км)",,,
karakolskie_ozyora.csv,6 Каракольские Оз.,943.0,1052,6-К72,04:05:030406:480,0.2198,170000.0,3736600.0,85000.0,,,Р,"1, 2, 3, 4, 5, 8",КФХ,Аватар Жизнь,,2025-01-13,1040267.0,,,"ГОРОД ""КЕДРОГРАД"" | КУЮМСКИЙ КУРОРТНЫЙ ГОРОД ""КЕДРОГРАД"" | №2 КП Лесной (заезд №2; 2,5км)",,,
karakolskie_ozyora.csv,6 Каракольские Оз.,944.0,1053,6-К73,04:05:030406:481,0.2016,170000.0,3427200.0,85000.0,,,Р,"1, 2, 3, 4, 5, 8",КФХ,Аватар Жизнь,,2025-01-13,954131.0,,,"ГОРОД ""КЕДРОГРАД"" | КУЮМСКИЙ КУРОРТНЫЙ ГОРОД ""КЕДРОГРАД"" | №2 КП Лесной (заезд №2; 2,5км)",,,
karakolskie_ozyora.csv,6 Каракольские Оз.,945.0,1054,6-К74,04:05:030406:482,0.6906,170000.0,11740200.0,85000.0,,,Р,"1, 2, 3, 4, 5, 8",КФХ,Аватар Жизнь,,2025-01-13,3268465.0,,,"ГОРОД ""КЕДРОГРАД"" | КУЮМСКИЙ КУРОРТНЫЙ ГОРОД ""КЕДРОГРАД"" | №2 КП Лесной (заезд №2; 2,5км)",,,
karakolskie_ozyora.csv,6 Каракольские Оз.,946.0,1055,6-К75,04:05:030406:483,0.7473,170000.0,12704100.0,85000.0,,,Р,"1, 2, 3, 4, 5, 8",КФХ,Аватар Жизнь,,2025-01-13,3540598.0,,,"ГОРОД ""КЕДРОГРАД"" | КУЮМСКИЙ КУРОРТНЫЙ ГОРОД ""КЕДРОГРАД"" | №2 КП Лесной (заезд №2; 2,5км)",,,
karakolskie_ozyora.csv,6 Каракольские Оз.,947.0,1056,6-К76,04:05:030406:484,0.4601,170000.0,7821700.0,85000.0,,,Р,"1, 2, 3, 4, 5, 8",КФХ,Аватар Жизнь,,2025-01-13,2177557.0,,,"ГОРОД ""КЕДРОГРАД"" | КУЮМСКИЙ КУРОРТНЫЙ ГОРОД ""КЕДРОГРАД"" | №2 КП Лесной (заезд №2; 2,5км)",,,
karakolskie_ozyora.csv,6 Каракольские Оз.,948.0,1057,6-К77,04:05:030406:485,0.7099,170000.0,12068300.0,85000.0,,,Р,"1, 2, 3, 4, 5, 8",КФХ,Аватар Жизнь,,2025-01-13,3359808.0,,,"ГОРОД ""КЕДРОГРАД"" | КУЮМСКИЙ КУРОРТНЫЙ ГОРОД ""КЕДРОГРАД"" | №2 КП Лесной (заезд №2; 2,5км)",,,
karakolskie_ozyora.csv,6 Каракольские Оз.,949.0,1058,6-К78,04:05:030406:486,0.4528,170000.0,7697600.0,85000.0,,,Р,"1, 2, 3, 4, 5, 8",КФХ,Аватар Жизнь,,2025-01-13,2143008.0,,,"ГОРОД ""КЕДРОГРАД"" | КУЮМСКИЙ КУРОРТНЫЙ ГОРОД ""КЕДРОГРАД"" | №2 КП Лесной (заезд №2; 2,5км)",,,
karakolskie_ozyora.csv,6 Каракольские Оз.,950.0,1059,6-К79,04:05:030406:487,0.2284,170000.0,3882800.0,85000.0,,,Р,"1, 2, 3, 4, 5, 8",КФХ,Аватар Жизнь,,2025-01-13,1080969.0,,,"ГОРОД ""КЕДРОГРАД"" | КУЮМСКИЙ КУРОРТНЫЙ ГОРОД ""КЕДРОГРАД"" | №2 КП Лесной (заезд №2; 2,5км)",,,
karakolskie_ozyora.csv,6 Каракольские Оз.,951.0,1060,6-К80,04:05:030406:488,0.2274,170000.0,3865800.0,85000.0,,,Р,"1, 2, 3, 4, 5, 8",КФХ,Аватар Жизнь,,2025-01-13,1076237.0,,,"ГОРОД ""КЕДРОГРАД"" | КУЮМСКИЙ КУРОРТНЫЙ ГОРОД ""КЕДРОГРАД"" | №2 КП Лесной (заезд №2; 2,5км)",,,
karakolskie_ozyora.csv,6 Каракольские Оз.,952.0,1061,6-К81,04:05:030406:489,0.217,170000.0,3689000.0,85000.0,,,Р,"1, 2, 3, 4, 5, 8",КФХ,Аватар Жизнь,,2025-01-13,1027016.0,,,"ГОРОД ""КЕДРОГРАД"" | КУЮМСКИЙ КУРОРТНЫЙ ГОРОД ""КЕДРОГРАД"" | №2 КП Лесной (заезд №2; 2,5км)",,,
karakolskie_ozyora.csv,6 Каракольские Оз.,953.0,1062,6-К82,04:05:030406:490,0.2142,170000.0,3641400.0,85000.0,,,Р,"1, 2, 3, 4, 5, 8",КФХ,Аватар Жизнь,,2025-01-13,1013764.0,,,"ГОРОД ""КЕДРОГРАД"" | КУЮМСКИЙ КУРОРТНЫЙ ГОРОД ""КЕДРОГРАД"" | №2 КП Лесной (заезд №2; 2,5км)",,,
karakolskie_ozyora.csv,6 Каракольские Оз.,954.0,1063,6-К83,04:05:030406:491,0.296,170000.0,5032000.0,85000.0,,,Р,"1, 2, 3, 4, 5, 8",КФХ,Аватар Жизнь,,2025-01-13,1400906.0,,,"ГОРОД ""КЕДРОГРАД"" | КУЮМСКИЙ КУРОРТНЫЙ ГОРОД ""КЕДРОГРАД"" | №2 КП Лесной (заезд №2; 2,5км)",,,
karakolskie_ozyora.csv,6 Каракольские Оз.,955.0,1064,6-К84,04:05:030406:492,0.2923,170000.0,4969100.0,85000.0,,,Р,"1, 2, 3, 4, 5, 8",КФХ,Аватар Жизнь,,2025-01-13,1383395.0,,,"ГОРОД ""КЕДРОГРАД"" | КУЮМСКИЙ КУРОРТНЫЙ ГОРОД ""КЕДРОГРАД"" | №2 КП Лесной (заезд №2; 2,5км)",,,
karakolskie_ozyora.csv,6 Каракольские Оз.,956.0,1065,6-К85,04:05:030406:493,0.2662,170000.0,4525400.0,85000.0,,,Р,"1, 2, 3, 4, 5, 8",КФХ,Аватар Жизнь,,2025-01-13,1259869.0,,,"ГОРОД ""КЕДРОГРАД"" | КУЮМСКИЙ КУРОРТНЫЙ ГОРОД ""КЕДРОГРАД"" | №2 КП Лесной (заезд №2; 2,5км)",,,
karakolskie_ozyora.csv,6 Каракольские Оз.,957.0,1066,6-К86,04:05:030406:494,0.2664,170000.0,4528800.0,85000.0,,,Р,"1, 2, 3, 4, 5, 8",КФХ,Аватар Жизнь,,2025-01-13,1260815.0,,,"ГОРОД ""КЕДРОГРАД"" | КУЮМСКИЙ КУРОРТНЫЙ ГОРОД ""КЕДРОГРАД"" | №2 КП Лесной (заезд №2; 2,5км)",,,
karakolskie_ozyora.csv,6 Каракольские Оз.,958.0,1067,6-К87,04:05:030406:495,0.3743,170000.0,6363100.0,85000.0,,,Р,"1, 2, 3, 4, 5, 8",КФХ,Аватар Жизнь,,2025-01-13,1771484.0,,,"ГОРОД ""КЕДРОГРАД"" | КУЮМСКИЙ КУРОРТНЫЙ ГОРОД ""КЕДРОГРАД"" | №2 КП Лесной (заезд №2; 2,5км)",,,
karakolskie_ozyora.csv,6 Каракольские Оз.,959.0,1068,6-К88,04:05:030406:496,0.8573,170000.0,14574100.0,85000.0,,,Р,"1, 2, 3, 4, 5, 8",КФХ,Аватар Жизнь,,2025-01-13,4057422.0,,,"ГОРОД ""КЕДРОГРАД"" | КУЮМСКИЙ КУРОРТНЫЙ ГОРОД ""КЕДРОГРАД"" | №2 КП Лесной (заезд №2; 2,5км)",,,
karakolskie_ozyora.csv,6 Каракольские Оз.,960.0,1069,6-К89,04:05:030406:497,0.3461,170000.0,5883700.0,85000.0,,,Р,"1, 2, 3, 4, 5, 8",КФХ,Аватар Жизнь,,2025-01-13,1638019.0,,,"ГОРОД ""КЕДРОГРАД"" | КУЮМСКИЙ КУРОРТНЫЙ ГОРОД ""КЕДРОГРАД"" | №2 КП Лесной (заезд №2; 2,5км)",,,
karakolskie_ozyora.csv,6 Каракольские Оз.,961.0,1070,6-К90,04:05:030406:498,0.2897,170000.0,4924900.0,85000.0,,,Р,"1, 2, 3, 4, 5, 8",КФХ,Аватар Жизнь,,2025-01-13,1371090.0,,,"ГОРОД ""КЕДРОГРАД"" | КУЮМСКИЙ КУРОРТНЫЙ ГОРОД ""КЕДРОГРАД"" | №2 КП Лесной (заезд №2; 2,5км)",,,
karakolskie_ozyora.csv,6 Каракольские Оз.,962.0,1071,6-К91,04:05:030406:499,0.2794,170000.0,4749800.0,85000.0,,,Р,"1, 2, 3, 4, 5, 8",КФХ,Аватар Жизнь,,2025-01-13,1322342.0,,,"ГОРОД ""КЕДРОГРАД"" | КУЮМСКИЙ КУРОРТНЫЙ ГОРОД ""КЕДРОГРАД"" | №2 КП Лесной (заезд №2; 2,5км)",,,
karakolskie_ozyora.csv,6 Каракольские Оз.,963.0,1072,6-К92,04:05:030406:500,0.347,170000.0,5899000.0,85000.0,,,Р,"1, 2, 3, 4, 5, 8",КФХ,Аватар Жизнь,,2025-01-13,1642278.0,,,"ГОРОД ""КЕДРОГРАД"" | КУЮМСКИЙ КУРОРТНЫЙ ГОРОД ""КЕДРОГРАД"" | №2 КП Лесной (заезд №2; 2,5км)",,,
karakolskie_ozyora.csv,6 Каракольские Оз.,964.0,1073,6-К93,04:05:030406:501,0.3131,170000.0,5322700.0,85000.0,,,Р,"1, 2, 3, 4, 5, 8",КФХ,Аватар Жизнь,,2025-01-13,1481837.0,,,"ГОРОД ""КЕДРОГРАД"" | КУЮМСКИЙ КУРОРТНЫЙ ГОРОД ""КЕДРОГРАД"" | №2 КП Лесной (заезд №2; 2,5км)",,,
karakolskie_ozyora.csv,6 Каракольские Оз.,965.0,1074,6-К94,04:05:030406:502,0.2828,170000.0,4807600.0,85000.0,,,Р,"1, 2, 3, 4, 5, 8",КФХ,Аватар Жизнь,,2025-01-13,1338433.0,,,"ГОРОД ""КЕДРОГРАД"" | КУЮМСКИЙ КУРОРТНЫЙ ГОРОД ""КЕДРОГРАД"" | №2 КП Лесной (заезд №2; 2,5км)",,,
karakolskie_ozyora.csv,6 Каракольские Оз.,966.0,1075,6-К95,04:05:030406:503,0.2289,170000.0,3891300.0,85000.0,,,Р,"1, 2, 3, 4, 5, 8",КФХ,Аватар Жизнь,,2025-01-13,1083336.0,,,"ГОРОД ""КЕДРОГРАД"" | КУЮМСКИЙ КУРОРТНЫЙ ГОРОД ""КЕДРОГРАД"" | №2 КП Лесной (заезд №2; 2,5км)",,,
karakolskie_ozyora.csv,6 Каракольские Оз.,967.0,1076,6-К96,04:05:030406:504,0.1501,170000.0,2551700.0,85000.0,,,Р,"1, 2, 3, 4, 5, 8",КФХ,Аватар Жизнь,,2025-01-13,710392.0,,,"ГОРОД ""КЕДРОГРАД"" | КУЮМСКИЙ КУРОРТНЫЙ ГОРОД ""КЕДРОГРАД"" | №2 КП Лесной (заезд №2; 2,5км)",,,
karakolskie_ozyora.csv,6 Каракольские Оз.,968.0,1077,6-К97,04:05:030406:505,0.1898,170000.0,3226600.0,85000.0,,,Р,"1, 2, 3, 4, 5, 8",КФХ,Аватар Жизнь,,2025-01-13,898284.0,,,"ГОРОД ""КЕДРОГРАД"" | КУЮМСКИЙ КУРОРТНЫЙ ГОРОД ""КЕДРОГРАД"" | №2 КП Лесной (заезд №2; 2,5км)",,,
karakolskie_ozyora.csv,6 Каракольские Оз.,969.0,1078,6-К98,04:05:030406:506,0.2161,170000.0,3673700.0,85000.0,,,Р,"1, 2, 3, 4, 5, 8",КФХ,Аватар Жизнь,,2025-01-13,1022756.0,,,"ГОРОД ""КЕДРОГРАД"" | КУЮМСКИЙ КУРОРТНЫЙ ГОРОД ""КЕДРОГРАД"" | №2 КП Лесной (заезд №2; 2,5км)",,,
karakolskie_ozyora.csv,6 Каракольские Оз.,970.0,1079,6-К99,04:05:030406:507,0.9817,170000.0,16688900.0,85000.0,,,Р,"1, 2, 3, 4, 5, 8",КФХ,Аватар Жизнь,,2025-01-13,4646181.0,,,"ГОРОД ""КЕДРОГРАД"" | КУЮМСКИЙ КУРОРТНЫЙ ГОРОД ""КЕДРОГРАД"" | №2 КП Лесной (заезд №2; 2,5км)",,,
karakolskie_ozyora.csv,6 Каракольские Оз.,971.0,1080,6-К100,04:05:030406:508,0.273,170000.0,4641000.0,85000.0,,,Р,"1, 2, 3, 4, 5, 8",КФХ,Аватар Жизнь,,2025-01-13,1292052.0,,,"ГОРОД ""КЕДРОГРАД"" | КУЮМСКИЙ КУРОРТНЫЙ ГОРОД ""КЕДРОГРАД"" | №2 КП Лесной (заезд №2; 2,5км)",,,
karakolskie_ozyora.csv,6 Каракольские Оз.,972.0,1081,6-К101,04:05:030406:509,0.2607,170000.0,4431900.0,85000.0,,,Р,"1, 2, 3, 4, 5, 8",КФХ,Аватар Жизнь,,2025-01-13,1233839.0,,,"ГОРОД ""КЕДРОГРАД"" | КУЮМСКИЙ КУРОРТНЫЙ ГОРОД ""КЕДРОГРАД"" | №2 КП Лесной (заезд №2; 2,5км)",,,
karakolskie_ozyora.csv,6 Каракольские Оз.,973.0,1082,6-К102,04:05:030406:510,0.2497,170000.0,4244900.0,85000.0,,,Р,"1, 2, 3, 4, 5, 8",КФХ,Аватар Жизнь,,2025-01-13,1181778.0,,,"ГОРОД ""КЕДРОГРАД"" | КУЮМСКИЙ КУРОРТНЫЙ ГОРОД ""КЕДРОГРАД"" | №2 КП Лесной (заезд №2; 2,5км)",,,
karakolskie_ozyora.csv,6 Каракольские Оз.,974.0,1083,6-К103,04:05:030406:511,0.2319,170000.0,3942300.0,85000.0,,,Р,"1, 2, 3, 4, 5, 8",КФХ,Аватар Жизнь,,2025-01-13,1097534.0,,,"ГОРОД ""КЕДРОГРАД"" | КУЮМСКИЙ КУРОРТНЫЙ ГОРОД ""КЕДРОГРАД"" | №2 КП Лесной (заезд №2; 2,5км)",,,
karakolskie_ozyora.csv,6 Каракольские Оз.,975.0,1084,6-К104,04:05:030406:512,0.2325,170000.0,3952500.0,85000.0,,,Р,"1, 2, 3, 4, 5, 8",КФХ,Аватар Жизнь,,2025-01-13,1100374.0,,,"ГОРОД ""КЕДРОГРАД"" | КУЮМСКИЙ КУРОРТНЫЙ ГОРОД ""КЕДРОГРАД"" | №2 КП Лесной (заезд №2; 2,5км)",,,
karakolskie_ozyora.csv,6 Каракольские Оз.,976.0,1085,6-К105,04:05:030406:513,0.1959,170000.0,3330300.0,85000.0,,,Р,"1, 2, 3, 4, 5, 8",КФХ,Аватар Жизнь,,2025-01-13,927154.0,,,"ГОРОД ""КЕДРОГРАД"" | КУЮМСКИЙ КУРОРТНЫЙ ГОРОД ""КЕДРОГРАД"" | №2 КП Лесной (заезд №2; 2,5км)",,,
karakolskie_ozyora.csv,6 Каракольские Оз.,977.0,1086,6-К106,04:05:030406:514,0.1893,170000.0,3218100.0,85000.0,,,Р,"1, 2, 3, 4, 5, 8",КФХ,Аватар Жизнь,,2025-01-13,895917.0,,,"ГОРОД ""КЕДРОГРАД"" | КУЮМСКИЙ КУРОРТНЫЙ ГОРОД ""КЕДРОГРАД"" | №2 КП Лесной (заезд №2; 2,5км)",,,
karakolskie_ozyora.csv,6 Каракольские Оз.,978.0,1087,6-К107,04:05:030406:515,0.1803,170000.0,3065100.0,85000.0,,,Р,"1, 2, 3, 4, 5, 8",КФХ,Аватар Жизнь,,2025-01-13,853322.0,,,"ГОРОД ""КЕДРОГРАД"" | КУЮМСКИЙ КУРОРТНЫЙ ГОРОД ""КЕДРОГРАД"" | №2 КП Лесной (заезд №2; 2,5км)",,,
karakolskie_ozyora.csv,6 Каракольские Оз.,979.0,1088,6-К108,04:05:030406:516,0.1635,170000.0,2779500.0,85000.0,,,Р,"1, 2, 3, 4, 5, 8",КФХ,Аватар Жизнь,,2025-01-13,773811.0,,,"ГОРОД ""КЕДРОГРАД"" | КУЮМСКИЙ КУРОРТНЫЙ ГОРОД ""КЕДРОГРАД"" | №2 КП Лесной (заезд №2; 2,5км)",,,
karakolskie_ozyora.csv,6 Каракольские Оз.,980.0,1089,6-К109,04:05:030406:517,0.1516,170000.0,2577200.0,85000.0,,,Р,"1, 2, 3, 4, 5, 8",КФХ,Аватар Жизнь,,2025-01-13,717491.0,,,"ГОРОД ""КЕДРОГРАД"" | КУЮМСКИЙ КУРОРТНЫЙ ГОРОД ""КЕДРОГРАД"" | №2 КП Лесной (заезд №2; 2,5км)",,,
karakolskie_ozyora.csv,6 Каракольские Оз.,981.0,1090,6-К110,04:05:030406:518,0.733,170000.0,12461000.0,85000.0,,,Р,"1, 2, 3, 4, 5, 8",КФХ,Аватар Жизнь,,2025-01-13,3469136.0,,,"ГОРОД ""КЕДРОГРАД"" | КУЮМСКИЙ КУРОРТНЫЙ ГОРОД ""КЕДРОГРАД"" | №2 КП Лесной (заезд №2; 2,5км)",,,
karakolskie_ozyora.csv,6 Каракольские Оз.,982.0,1091,6-К111,04:05:030406:519,0.107,170000.0,1819000.0,85000.0,,,Р,"1, 2, 3, 4, 5, 8",КФХ,Аватар Жизнь,,2025-01-13,506409.0,,,"ГОРОД ""КЕДРОГРАД"" | КУЮМСКИЙ КУРОРТНЫЙ ГОРОД ""КЕДРОГРАД"" | №2 КП Лесной (заезд №2; 2,5км)",,,
karakolskie_ozyora.csv,6 Каракольские Оз.,983.0,1092,6-К112,04:05:030406:520,0.2577,170000.0,4380900.0,85000.0,,,Р,"1, 2, 3, 4, 5, 8",КФХ,Аватар Жизнь,,2025-01-13,1219640.0,,,"ГОРОД ""КЕДРОГРАД"" | КУЮМСКИЙ КУРОРТНЫЙ ГОРОД ""КЕДРОГРАД"" | №2 КП Лесной (заезд №2; 2,5км)",,,
karakolskie_ozyora.csv,6 Каракольские Оз.,984.0,1093,6-К113,04:05:030406:521,0.2496,170000.0,4243200.0,85000.0,,,Р,"1, 2, 3, 4, 5, 8",КФХ,Аватар Жизнь,,2025-01-13,1181305.0,,,"ГОРОД ""КЕДРОГРАД"" | КУЮМСКИЙ КУРОРТНЫЙ ГОРОД ""КЕДРОГРАД"" | №2 КП Лесной (заезд №2; 2,5км)",,,
karakolskie_ozyora.csv,6 Каракольские Оз.,985.0,1094,6-К114,04:05:030406:522,0.2417,170000.0,4108900.0,85000.0,,,Р,"1, 2, 3, 4, 5, 8",КФХ,Аватар Жизнь,,2025-01-13,1143916.0,,,"ГОРОД ""КЕДРОГРАД"" | КУЮМСКИЙ КУРОРТНЫЙ ГОРОД ""КЕДРОГРАД"" | №2 КП Лесной (заезд №2; 2,5км)",,,
karakolskie_ozyora.csv,6 Каракольские Оз.,986.0,1095,6-К115,04:05:030406:523,0.2255,170000.0,3833500.0,85000.0,,,Р,"1, 2, 3, 4, 5, 8",КФХ,Аватар Жизнь,,2025-01-13,1067244.0,,,"ГОРОД ""КЕДРОГРАД"" | КУЮМСКИЙ КУРОРТНЫЙ ГОРОД ""КЕДРОГРАД"" | №2 КП Лесной (заезд №2; 2,5км)",,,
karakolskie_ozyora.csv,6 Каракольские Оз.,987.0,1096,6-К116,04:05:030406:524,0.227,170000.0,3859000.0,85000.0,,,Р,"1, 2, 3, 4, 5, 8",КФХ,Аватар Жизнь,,2025-01-13,1074344.0,,,"ГОРОД ""КЕДРОГРАД"" | КУЮМСКИЙ КУРОРТНЫЙ ГОРОД ""КЕДРОГРАД"" | №2 КП Лесной (заезд №2; 2,5км)",,,
karakolskie_ozyora.csv,6 Каракольские Оз.,988.0,1097,6-К117,04:05:030406:525,0.193,170000.0,3281000.0,85000.0,,,Р,"1, 2, 3, 4, 5, 8",КФХ,Аватар Жизнь,,2025-01-13,913429.0,,,"ГОРОД ""КЕДРОГРАД"" | КУЮМСКИЙ КУРОРТНЫЙ ГОРОД ""КЕДРОГРАД"" | №2 КП Лесной (заезд №2; 2,5км)",,,
karakolskie_ozyora.csv,6 Каракольские Оз.,989.0,1098,6-К118,04:05:030406:526,0.1863,170000.0,3167100.0,85000.0,,,Р,"1, 2, 3, 4, 5, 8",КФХ,Аватар Жизнь,,2025-01-13,881719.0,,,"ГОРОД ""КЕДРОГРАД"" | КУЮМСКИЙ КУРОРТНЫЙ ГОРОД ""КЕДРОГРАД"" | №2 КП Лесной (заезд №2; 2,5км)",,,
karakolskie_ozyora.csv,6 Каракольские Оз.,990.0,1099,6-К119,04:05:030406:527,0.1772,170000.0,3012400.0,85000.0,,,Р,"1, 2, 3, 4, 5, 8",КФХ,Аватар Жизнь,,2025-01-13,838651.0,,,"ГОРОД ""КЕДРОГРАД"" | КУЮМСКИЙ КУРОРТНЫЙ ГОРОД ""КЕДРОГРАД"" | №2 КП Лесной (заезд №2; 2,5км)",,,
karakolskie_ozyora.csv,6 Каракольские Оз.,991.0,1100,6-К120,04:05:030406:528,0.1597,170000.0,2714900.0,85000.0,,,Р,"1, 2, 3, 4, 5, 8",КФХ,Аватар Жизнь,,2025-01-13,755827.0,,,"ГОРОД ""КЕДРОГРАД"" | КУЮМСКИЙ КУРОРТНЫЙ ГОРОД ""КЕДРОГРАД"" | №2 КП Лесной (заезд №2; 2,5км)",,,
karakolskie_ozyora.csv,6 Каракольские Оз.,992.0,1101,6-К121,04:05:030406:529,0.7107,170000.0,12081900.0,85000.0,,,Р,"1, 2, 3, 4, 5, 8",КФХ,Аватар Жизнь,,2025-01-13,3363595.0,,,"ГОРОД ""КЕДРОГРАД"" | КУЮМСКИЙ КУРОРТНЫЙ ГОРОД ""КЕДРОГРАД"" | №2 КП Лесной (заезд №2; 2,5км)",,,
karakolskie_ozyora.csv,6 Каракольские Оз.,993.0,1102,6-К122,04:05:030406:530,0.1477,170000.0,2510900.0,85000.0,,,Р,"1, 2, 3, 4, 5, 8",КФХ,Аватар Жизнь,,2025-01-13,699033.0,,,"ГОРОД ""КЕДРОГРАД"" | КУЮМСКИЙ КУРОРТНЫЙ ГОРОД ""КЕДРОГРАД"" | №2 КП Лесной (заезд №2; 2,5км)",,,
karakolskie_ozyora.csv,6 Каракольские Оз.,994.0,1103,6-К123,04:05:030406:531,0.1044,170000.0,1774800.0,85000.0,,,Р,"1, 2, 3, 4, 5, 8",КФХ,Аватар Жизнь,,2025-01-13,494103.0,,,"ГОРОД ""КЕДРОГРАД"" | КУЮМСКИЙ КУРОРТНЫЙ ГОРОД ""КЕДРОГРАД"" | №2 КП Лесной (заезд №2; 2,5км)",,,
karakolskie_ozyora.csv,6 Каракольские Оз.,995.0,1104,6-К124,04:05:030406:532,0.2142,170000.0,3641400.0,85000.0,,,Р,"1, 2, 3, 4, 5, 8",КФХ,Аватар Жизнь,,2025-01-13,1013764.0,,,"ГОРОД ""КЕДРОГРАД"" | КУЮМСКИЙ КУРОРТНЫЙ ГОРОД ""КЕДРОГРАД"" | №2 КП Лесной (заезд №2; 2,5км)",,,
karakolskie_ozyora.csv,6 Каракольские Оз.,996.0,1105,6-К125,04:05:030406:533,0.2307,170000.0,3921900.0,85000.0,,,Р,"1, 2, 3, 4, 5, 8",КФХ,Аватар Жизнь,,2025-01-13,1091855.0,,,"ГОРОД ""КЕДРОГРАД"" | КУЮМСКИЙ КУРОРТНЫЙ ГОРОД ""КЕДРОГРАД"" | №2 КП Лесной (заезд №2; 2,5км)",,,
karakolskie_ozyora.csv,6 Каракольские Оз.,997.0,1106,6-К126,04:05:030406:534,0.235,170000.0,3995000.0,85000.0,,,Р,"1, 2, 3, 4, 5, 8",КФХ,Аватар Жизнь,,2025-01-13,1112206.0,,,"ГОРОД ""КЕДРОГРАД"" | КУЮМСКИЙ КУРОРТНЫЙ ГОРОД ""КЕДРОГРАД"" | №2 КП Лесной (заезд №2; 2,5км)",,,
karakolskie_ozyora.csv,6 Каракольские Оз.,998.0,1107,6-К127,04:05:030406:535,0.2218,170000.0,3770600.0,85000.0,,,Р,"1, 2, 3, 4, 5, 8",КФХ,Аватар Жизнь,,2025-01-13,1049733.0,,,"ГОРОД ""КЕДРОГРАД"" | КУЮМСКИЙ КУРОРТНЫЙ ГОРОД ""КЕДРОГРАД"" | №2 КП Лесной (заезд №2; 2,5км)",,,
karakolskie_ozyora.csv,6 Каракольские Оз.,999.0,1108,6-К128,04:05:030406:536,0.2319,170000.0,3942300.0,85000.0,,,Р,"1, 2, 3, 4, 5, 8",КФХ,Аватар Жизнь,,2025-01-13,1097534.0,,,"ГОРОД ""КЕДРОГРАД"" | КУЮМСКИЙ КУРОРТНЫЙ ГОРОД ""КЕДРОГРАД"" | №2 КП Лесной (заезд №2; 2,5км)",,,
karakolskie_ozyora.csv,6 Каракольские Оз.,1000.0,1109,6-К129,04:05:030406:537,0.2214,170000.0,3763800.0,85000.0,,,Р,"1, 2, 3, 4, 5, 8",КФХ,Аватар Жизнь,,2025-01-13,1047840.0,,,"ГОРОД ""КЕДРОГРАД"" | КУЮМСКИЙ КУРОРТНЫЙ ГОРОД ""КЕДРОГРАД"" | №2 КП Лесной (заезд №2; 2,5км)",,,
karakolskie_ozyora.csv,6 Каракольские Оз.,1001.0,1110,6-К130,04:05:030406:538,0.224,170000.0,3808000.0,85000.0,,,Р,"1, 2, 3, 4, 5, 8",КФХ,Аватар Жизнь,,2025-01-13,1060145.0,,,"ГОРОД ""КЕДРОГРАД"" | КУЮМСКИЙ КУРОРТНЫЙ ГОРОД ""КЕДРОГРАД"" | №2 КП Лесной (заезд №2; 2,5км)",,,
karakolskie_ozyora.csv,6 Каракольские Оз.,1002.0,1111,6-К131,04:05:030406:539,0.224,170000.0,3808000.0,85000.0,,,Р,"1, 2, 3, 4, 5, 8",КФХ,Аватар Жизнь,,2025-01-13,1060145.0,,,"ГОРОД ""КЕДРОГРАД"" | КУЮМСКИЙ КУРОРТНЫЙ ГОРОД ""КЕДРОГРАД"" | №2 КП Лесной (заезд №2; 2,5км)",,,
karakolskie_ozyora.csv,6 Каракольские Оз.,1003.0,1112,6-К132,04:05:030406:540,0.7013,170000.0,11922100.0,85000.0,,,Р,"1, 2, 3, 4, 5, 8",КФХ,Аватар Жизнь,,2025-01-13,3319106.0,,,"ГОРОД ""КЕДРОГРАД"" | КУЮМСКИЙ КУРОРТНЫЙ ГОРОД ""КЕДРОГРАД"" | №2 КП Лесной (заезд №2; 2,5км)",,,
karakolskie_ozyora.csv,6 Каракольские Оз.,1004.0,1113,6-К133,04:05:030406:541,0.2201,170000.0,3741700.0,85000.0,,,Р,"1, 2, 3, 4, 5, 8",КФХ,Аватар Жизнь,,2025-01-13,1041687.0,,,"ГОРОД ""КЕДРОГРАД"" | КУЮМСКИЙ КУРОРТНЫЙ ГОРОД ""КЕДРОГРАД"" | №2 КП Лесной (заезд №2; 2,5км)",,,
karakolskie_ozyora.csv,6 Каракольские Оз.,1005.0,1114,6-К134,04:05:030406:542,0.2144,170000.0,3644800.0,85000.0,,,Р,"1, 2, 3, 4, 5, 8",КФХ,Аватар Жизнь,,2025-01-13,1014710.0,,,"ГОРОД ""КЕДРОГРАД"" | КУЮМСКИЙ КУРОРТНЫЙ ГОРОД ""КЕДРОГРАД"" | №2 КП Лесной (заезд №2; 2,5км)",,,
karakolskie_ozyora.csv,6 Каракольские Оз.,1006.0,1115,6-К135,04:05:030406:543,0.1639,170000.0,2786300.0,85000.0,,,Р,"1, 2, 3, 4, 5, 8",КФХ,Аватар Жизнь,,2025-01-13,775704.0,,,"ГОРОД ""КЕДРОГРАД"" | КУЮМСКИЙ КУРОРТНЫЙ ГОРОД ""КЕДРОГРАД"" | №2 КП Лесной (заезд №2; 2,5км)",,,
karakolskie_ozyora.csv,6 Каракольские Оз.,1007.0,1116,6-К136,04:05:030406:544,0.2091,170000.0,3554700.0,85000.0,,,Р,"1, 2, 3, 4, 5, 8",КФХ,Аватар Жизнь,,2025-01-13,989627.0,,,"ГОРОД ""КЕДРОГРАД"" | КУЮМСКИЙ КУРОРТНЫЙ ГОРОД ""КЕДРОГРАД"" | №2 КП Лесной (заезд №2; 2,5км)",,,
karakolskie_ozyora.csv,6 Каракольские Оз.,1008.0,1117,6-К137,04:05:030406:545,0.2265,170000.0,3850500.0,85000.0,,,Р,"1, 2, 3, 4, 5, 8",КФХ,Аватар Жизнь,,2025-01-13,1071977.0,,,"ГОРОД ""КЕДРОГРАД"" | КУЮМСКИЙ КУРОРТНЫЙ ГОРОД ""КЕДРОГРАД"" | №2 КП Лесной (заезд №2; 2,5км)",,,
karakolskie_ozyora.csv,6 Каракольские Оз.,1009.0,1118,6-К138,04:05:030406:546,0.2276,170000.0,3869200.0,85000.0,,,Р,"1, 2, 3, 4, 5, 8",КФХ,Аватар Жизнь,,2025-01-13,1077183.0,,,"ГОРОД ""КЕДРОГРАД"" | КУЮМСКИЙ КУРОРТНЫЙ ГОРОД ""КЕДРОГРАД"" | №2 КП Лесной (заезд №2; 2,5км)",,,
karakolskie_ozyora.csv,6 Каракольские Оз.,1010.0,1119,6-К139,04:05:030406:547,0.2121,170000.0,3605700.0,85000.0,,,Р,"1, 2, 3, 4, 5, 8",КФХ,Аватар Жизнь,,2025-01-13,1003825.0,,,"ГОРОД ""КЕДРОГРАД"" | КУЮМСКИЙ КУРОРТНЫЙ ГОРОД ""КЕДРОГРАД"" | №2 КП Лесной (заезд №2; 2,5км)",,,
karakolskie_ozyora.csv,6 Каракольские Оз.,1011.0,1120,6-К140,04:05:030406:548,0.219,170000.0,3723000.0,85000.0,,,Р,"1, 2, 3, 4, 5, 8",КФХ,Аватар Жизнь,,2025-01-13,1036481.0,,,"ГОРОД ""КЕДРОГРАД"" | КУЮМСКИЙ КУРОРТНЫЙ ГОРОД ""КЕДРОГРАД"" | №2 КП Лесной (заезд №2; 2,5км)",,,
karakolskie_ozyora.csv,6 Каракольские Оз.,1012.0,1121,6-К141,04:05:030406:549,0.2206,170000.0,3750200.0,85000.0,,,Р,"1, 2, 3, 4, 5, 8",КФХ,Аватар Жизнь,,2025-01-13,1044054.0,,,"ГОРОД ""КЕДРОГРАД"" | КУЮМСКИЙ КУРОРТНЫЙ ГОРОД ""КЕДРОГРАД"" | №2 КП Лесной (заезд №2; 2,5км)",,,
karakolskie_ozyora.csv,6 Каракольские Оз.,1013.0,1122,6-К142,04:05:030406:550,0.227,170000.0,3859000.0,85000.0,,,Р,"1, 2, 3, 4, 5, 8",КФХ,Аватар Жизнь,,2025-01-13,1074344.0,,,"ГОРОД ""КЕДРОГРАД"" | КУЮМСКИЙ КУРОРТНЫЙ ГОРОД ""КЕДРОГРАД"" | №2 КП Лесной (заезд №2; 2,5км)",,,
karakolskie_ozyora.csv,6 Каракольские Оз.,1014.0,1123,6-К143,04:05:030406:408,4.3919,170000.0,74662300.0,85000.0,,МОП\Дорога,Р,"1, 2, 3, 4, 5, 8",КФХ,Аватар Жизнь,,2025-01-13,20785944.0,,,"ГОРОД ""КЕДРОГРАД"" | КУЮМСКИЙ КУРОРТНЫЙ ГОРОД ""КЕДРОГРАД"" | №2 КП Лесной (заезд №2; 2,5км)",ДОРОГА,,
